subj,prop,bucket,subject_num_chunks,step,exposures,gold_logprob,max_decoy_logprob,correct
The Light,composer,low,1,0,0,-11.544191360473633,-11.857551574707031,True
The Light,composer,low,1,10000,0,-6.471592903137207,-6.218212127685547,False
The Light,composer,low,1,20000,0,-5.27669620513916,-6.7311248779296875,True
The Light,composer,low,1,30000,0,-3.316608190536499,-6.483665466308594,True
The Light,composer,low,1,40000,0,-4.467059135437012,-6.055011749267578,True
The Light,composer,low,1,50000,0,-4.672197341918945,-5.484235763549805,True
The Light,composer,low,1,60000,0,-4.273019790649414,-6.9487152099609375,True
The Light,composer,low,1,70000,0,-5.223005294799805,-5.400025367736816,True
The Light,composer,low,1,80000,0,-3.3938212394714355,-6.087677478790283,True
The Light,composer,low,1,90000,0,-3.9787702560424805,-5.264029026031494,True
The Light,composer,low,1,100000,1,-4.278842449188232,-4.664699077606201,True
The Light,composer,low,1,109672,1,-4.419721603393555,-5.225921630859375,True
The Kiss,director,low,1,0,0,-11.857159614562988,-11.405832290649414,False
The Kiss,director,low,1,10000,0,-10.121814727783203,-6.893986701965332,False
The Kiss,director,low,1,20000,0,-9.713621139526367,-6.674072265625,False
The Kiss,director,low,1,30000,0,-9.336813926696777,-5.960148811340332,False
The Kiss,director,low,1,40000,0,-10.488527297973633,-6.144350528717041,False
The Kiss,director,low,1,50000,0,-10.618887901306152,-5.5064311027526855,False
The Kiss,director,low,1,60000,1,-9.625327110290527,-6.284728050231934,False
The Kiss,director,low,1,70000,1,-9.113892555236816,-5.462399959564209,False
The Kiss,director,low,1,80000,1,-10.084318161010742,-6.045042037963867,False
The Kiss,director,low,1,90000,1,-8.987602233886719,-4.56776237487793,False
The Kiss,director,low,1,100000,1,-9.203295707702637,-5.560966968536377,False
The Kiss,director,low,1,109672,1,-9.408122062683105,-4.8901543617248535,False
Sherlock Holmes: The Mystery of the Mummy,genre,low,3,0,0,-11.735504150390625,-12.113953590393066,True
Sherlock Holmes: The Mystery of the Mummy,genre,low,3,10000,0,-8.387709617614746,-9.798418045043945,True
Sherlock Holmes: The Mystery of the Mummy,genre,low,3,20000,0,-7.766646385192871,-10.721933364868164,True
Sherlock Holmes: The Mystery of the Mummy,genre,low,3,30000,0,-8.12391185760498,-10.764336585998535,True
Sherlock Holmes: The Mystery of the Mummy,genre,low,3,40000,2,-8.233348846435547,-11.158930778503418,True
Sherlock Holmes: The Mystery of the Mummy,genre,low,3,50000,2,-6.822004318237305,-10.840725898742676,True
Sherlock Holmes: The Mystery of the Mummy,genre,low,3,60000,2,-7.741690158843994,-10.528438568115234,True
Sherlock Holmes: The Mystery of the Mummy,genre,low,3,70000,2,-7.590127944946289,-9.347428321838379,True
Sherlock Holmes: The Mystery of the Mummy,genre,low,3,80000,3,-7.240884780883789,-9.523111343383789,True
Sherlock Holmes: The Mystery of the Mummy,genre,low,3,90000,3,-7.130532264709473,-10.505694389343262,True
Sherlock Holmes: The Mystery of the Mummy,genre,low,3,100000,3,-7.594724655151367,-9.80400276184082,True
Sherlock Holmes: The Mystery of the Mummy,genre,low,3,109672,3,-7.290726661682129,-10.101696014404297,True
Chrome,producer,low,7,0,0,-11.614052772521973,-11.467567443847656,False
Chrome,producer,low,7,10000,0,-8.886503219604492,-5.536038398742676,False
Chrome,producer,low,7,20000,0,-6.544619560241699,-5.629340648651123,False
Chrome,producer,low,7,30000,1,-7.514591693878174,-4.306697845458984,False
Chrome,producer,low,7,40000,2,-6.588351249694824,-4.0379958152771,False
Chrome,producer,low,7,50000,2,-7.140646934509277,-4.325681686401367,False
Chrome,producer,low,7,60000,2,-7.2098388671875,-4.60886812210083,False
Chrome,producer,low,7,70000,2,-7.87603759765625,-4.254682540893555,False
Chrome,producer,low,7,80000,5,-7.574915885925293,-3.5019187927246094,False
Chrome,producer,low,7,90000,7,-6.810722351074219,-4.132568359375,False
Chrome,producer,low,7,100000,7,-7.623489856719971,-3.9883317947387695,False
Chrome,producer,low,7,109672,7,-7.104216575622559,-3.965913772583008,False
Hot Cop,genre,low,4,0,0,-11.559001922607422,-10.819759368896484,False
Hot Cop,genre,low,4,10000,1,-9.789156913757324,-6.720405101776123,False
Hot Cop,genre,low,4,20000,1,-10.245776176452637,-5.872204303741455,False
Hot Cop,genre,low,4,30000,3,-10.091212272644043,-5.788694858551025,False
Hot Cop,genre,low,4,40000,3,-11.772289276123047,-5.092264652252197,False
Hot Cop,genre,low,4,50000,3,-11.488391876220703,-5.910777568817139,False
Hot Cop,genre,low,4,60000,3,-10.682525634765625,-5.4872050285339355,False
Hot Cop,genre,low,4,70000,4,-11.201786994934082,-5.966700077056885,False
Hot Cop,genre,low,4,80000,4,-12.890386581420898,-5.841841220855713,False
Hot Cop,genre,low,4,90000,4,-10.489324569702148,-5.792551517486572,False
Hot Cop,genre,low,4,100000,4,-9.983682632446289,-6.270671844482422,False
Hot Cop,genre,low,4,109672,4,-10.64956283569336,-7.217377185821533,False
The Walk,director,low,1,0,0,-11.366175651550293,-11.830413818359375,True
The Walk,director,low,1,10000,0,-8.003816604614258,-4.926476001739502,False
The Walk,director,low,1,20000,0,-6.8939690589904785,-4.575319766998291,False
The Walk,director,low,1,30000,0,-6.519210338592529,-3.5426769256591797,False
The Walk,director,low,1,40000,1,-7.7623443603515625,-2.460594654083252,False
The Walk,director,low,1,50000,1,-6.549023628234863,-2.969088315963745,False
The Walk,director,low,1,60000,1,-6.9382123947143555,-3.082024335861206,False
The Walk,director,low,1,70000,1,-6.710392951965332,-3.0044643878936768,False
The Walk,director,low,1,80000,1,-6.303360462188721,-3.2588179111480713,False
The Walk,director,low,1,90000,1,-6.178196430206299,-2.669809341430664,False
The Walk,director,low,1,100000,1,-6.6693243980407715,-3.283033847808838,False
The Walk,director,low,1,109672,1,-6.0947675704956055,-2.5561578273773193,False
Oil,screenwriter,low,1,0,0,-11.413495063781738,-11.520655632019043,True
Oil,screenwriter,low,1,10000,0,-5.509445667266846,-6.831487655639648,True
Oil,screenwriter,low,1,20000,0,-5.032902240753174,-6.816969394683838,True
Oil,screenwriter,low,1,30000,0,-5.099148273468018,-6.520753383636475,True
Oil,screenwriter,low,1,40000,0,-4.686103343963623,-6.91330099105835,True
Oil,screenwriter,low,1,50000,0,-4.078341007232666,-6.5143141746521,True
Oil,screenwriter,low,1,60000,0,-3.888380765914917,-6.522818565368652,True
Oil,screenwriter,low,1,70000,0,-4.654853343963623,-6.516817092895508,True
Oil,screenwriter,low,1,80000,0,-4.162867069244385,-6.971437454223633,True
Oil,screenwriter,low,1,90000,0,-4.139845371246338,-7.17813777923584,True
Oil,screenwriter,low,1,100000,1,-3.99931263923645,-6.839566230773926,True
Oil,screenwriter,low,1,109672,1,-3.861577033996582,-7.001079559326172,True
Pig,director,low,1,0,0,-12.123311042785645,-11.899224281311035,False
Pig,director,low,1,10000,0,-7.051039218902588,-4.71136999130249,False
Pig,director,low,1,20000,1,-7.555525302886963,-3.4473369121551514,False
Pig,director,low,1,30000,1,-6.799253940582275,-3.063261032104492,False
Pig,director,low,1,40000,1,-5.89517068862915,-2.785125970840454,False
Pig,director,low,1,50000,1,-6.274329662322998,-3.4751102924346924,False
Pig,director,low,1,60000,1,-6.7552876472473145,-2.413278341293335,False
Pig,director,low,1,70000,1,-5.9268646240234375,-3.2673680782318115,False
Pig,director,low,1,80000,1,-5.404519557952881,-2.4146337509155273,False
Pig,director,low,1,90000,1,-6.206767559051514,-2.3755457401275635,False
Pig,director,low,1,100000,1,-5.9967942237854,-2.280442953109741,False
Pig,director,low,1,109672,1,-5.906106472015381,-2.4417731761932373,False
Organ,director,low,2,0,0,-11.503461837768555,-11.92922592163086,True
Organ,director,low,2,10000,0,-4.430254936218262,-3.506589651107788,False
Organ,director,low,2,20000,0,-4.264103889465332,-2.9300568103790283,False
Organ,director,low,2,30000,0,-4.132549285888672,-2.548595666885376,False
Organ,director,low,2,40000,2,-4.023962497711182,-3.097780227661133,False
Organ,director,low,2,50000,2,-3.781235933303833,-2.891293525695801,False
Organ,director,low,2,60000,2,-4.24059534072876,-2.894838571548462,False
Organ,director,low,2,70000,2,-4.16372537612915,-3.0392332077026367,False
Organ,director,low,2,80000,2,-4.577104091644287,-2.55066180229187,False
Organ,director,low,2,90000,2,-4.08900260925293,-2.6000494956970215,False
Organ,director,low,2,100000,2,-3.8678030967712402,-2.564202070236206,False
Organ,director,low,2,109672,2,-4.070618152618408,-2.5163300037384033,False
The Crocodile's Dilemma,director,low,3,0,0,-12.245702743530273,-11.908989906311035,False
The Crocodile's Dilemma,director,low,3,10000,0,-7.131407737731934,-7.501676082611084,True
The Crocodile's Dilemma,director,low,3,20000,0,-8.307136535644531,-6.584238052368164,False
The Crocodile's Dilemma,director,low,3,30000,1,-7.121504306793213,-6.843936443328857,False
The Crocodile's Dilemma,director,low,3,40000,3,-6.623987197875977,-5.540246963500977,False
The Crocodile's Dilemma,director,low,3,50000,3,-7.624042510986328,-5.330948829650879,False
The Crocodile's Dilemma,director,low,3,60000,3,-7.580203056335449,-4.362677097320557,False
The Crocodile's Dilemma,director,low,3,70000,3,-7.201507568359375,-4.676939964294434,False
The Crocodile's Dilemma,director,low,3,80000,3,-6.936557769775391,-4.643497943878174,False
The Crocodile's Dilemma,director,low,3,90000,3,-6.1986212730407715,-3.5632851123809814,False
The Crocodile's Dilemma,director,low,3,100000,3,-6.202822685241699,-3.853076934814453,False
The Crocodile's Dilemma,director,low,3,109672,3,-5.997427463531494,-4.328301906585693,False
Adhesive,genre,low,2,0,0,-12.108100891113281,-10.742523193359375,False
Adhesive,genre,low,2,10000,0,-5.290853023529053,-5.075231075286865,False
Adhesive,genre,low,2,20000,1,-5.2203288078308105,-3.9359772205352783,False
Adhesive,genre,low,2,30000,1,-5.874812126159668,-6.46426248550415,True
Adhesive,genre,low,2,40000,1,-6.101861000061035,-5.506860733032227,False
Adhesive,genre,low,2,50000,2,-5.640548229217529,-5.832226276397705,True
Adhesive,genre,low,2,60000,2,-6.245213985443115,-5.5497660636901855,False
Adhesive,genre,low,2,70000,2,-6.513462543487549,-5.769731044769287,False
Adhesive,genre,low,2,80000,2,-7.002938270568848,-5.563218593597412,False
Adhesive,genre,low,2,90000,2,-6.36659049987793,-5.3946661949157715,False
Adhesive,genre,low,2,100000,2,-6.549102783203125,-5.580040454864502,False
Adhesive,genre,low,2,109672,2,-6.30855655670166,-5.645553112030029,False
On Tour,screenwriter,low,6,0,0,-11.777450561523438,-11.168278694152832,False
On Tour,screenwriter,low,6,10000,0,-5.302560806274414,-4.1312360763549805,False
On Tour,screenwriter,low,6,20000,0,-4.711047649383545,-3.815096139907837,False
On Tour,screenwriter,low,6,30000,0,-3.4263248443603516,-3.6770412921905518,True
On Tour,screenwriter,low,6,40000,0,-4.397885799407959,-3.6657540798187256,False
On Tour,screenwriter,low,6,50000,1,-2.7208492755889893,-3.673992156982422,True
On Tour,screenwriter,low,6,60000,2,-3.2011682987213135,-3.240243673324585,True
On Tour,screenwriter,low,6,70000,3,-2.9220211505889893,-3.8309743404388428,True
On Tour,screenwriter,low,6,80000,5,-2.4477803707122803,-2.8716182708740234,True
On Tour,screenwriter,low,6,90000,5,-2.7936344146728516,-2.5721802711486816,False
On Tour,screenwriter,low,6,100000,5,-2.3607265949249268,-2.4345014095306396,True
On Tour,screenwriter,low,6,109672,6,-2.414095640182495,-2.5973598957061768,True
The Express,composer,low,4,0,0,-11.981799125671387,-11.284347534179688,False
The Express,composer,low,4,10000,0,-5.272125720977783,-7.244879722595215,True
The Express,composer,low,4,20000,1,-6.1904377937316895,-7.388095378875732,True
The Express,composer,low,4,30000,1,-4.751643657684326,-5.057287693023682,True
The Express,composer,low,4,40000,2,-5.4724884033203125,-6.564486503601074,True
The Express,composer,low,4,50000,2,-4.2903218269348145,-5.687567710876465,True
The Express,composer,low,4,60000,2,-4.2280802726745605,-5.3042378425598145,True
The Express,composer,low,4,70000,2,-4.383550643920898,-4.401650905609131,True
The Express,composer,low,4,80000,2,-4.046478748321533,-5.200634956359863,True
The Express,composer,low,4,90000,3,-4.169265270233154,-4.985248565673828,True
The Express,composer,low,4,100000,3,-4.224078178405762,-4.78339147567749,True
The Express,composer,low,4,109672,4,-4.0276031494140625,-4.937889099121094,True
Vitti Dandu,producer,low,4,0,0,-12.079960823059082,-11.93312931060791,False
Vitti Dandu,producer,low,4,10000,0,-4.73676061630249,-5.534418106079102,True
Vitti Dandu,producer,low,4,20000,0,-5.285652160644531,-6.07697057723999,True
Vitti Dandu,producer,low,4,30000,1,-4.089691162109375,-5.986195087432861,True
Vitti Dandu,producer,low,4,40000,1,-3.756310224533081,-5.210292816162109,True
Vitti Dandu,producer,low,4,50000,2,-4.533498764038086,-5.338944911956787,True
Vitti Dandu,producer,low,4,60000,4,-4.295665740966797,-4.99833345413208,True
Vitti Dandu,producer,low,4,70000,4,-3.270015239715576,-5.102217674255371,True
Vitti Dandu,producer,low,4,80000,4,-2.6017730236053467,-5.439639568328857,True
Vitti Dandu,producer,low,4,90000,4,-3.253337860107422,-5.417051315307617,True
Vitti Dandu,producer,low,4,100000,4,-3.170151472091675,-5.337605953216553,True
Vitti Dandu,producer,low,4,109672,4,-3.540897846221924,-5.929945468902588,True
Episode,director,low,5,0,0,-11.045430183410645,-11.603241920471191,True
Episode,director,low,5,10000,1,-5.579776287078857,-4.340857028961182,False
Episode,director,low,5,20000,1,-5.705179691314697,-3.1380414962768555,False
Episode,director,low,5,30000,1,-5.768638610839844,-3.713590383529663,False
Episode,director,low,5,40000,1,-5.842136383056641,-3.8312020301818848,False
Episode,director,low,5,50000,1,-5.48109245300293,-3.4059677124023438,False
Episode,director,low,5,60000,2,-4.810906887054443,-2.7532026767730713,False
Episode,director,low,5,70000,2,-4.909570693969727,-3.420105218887329,False
Episode,director,low,5,80000,4,-5.502783298492432,-2.6283271312713623,False
Episode,director,low,5,90000,4,-5.72059440612793,-2.304216146469116,False
Episode,director,low,5,100000,5,-5.33245325088501,-2.538902759552002,False
Episode,director,low,5,109672,5,-5.547697067260742,-2.678762435913086,False
Arc,composer,low,6,0,0,-12.55985164642334,-12.196426391601562,False
Arc,composer,low,6,10000,1,-6.516369819641113,-9.192536354064941,True
Arc,composer,low,6,20000,1,-6.926576614379883,-8.644298553466797,True
Arc,composer,low,6,30000,2,-7.12161922454834,-8.086545944213867,True
Arc,composer,low,6,40000,2,-7.1551947593688965,-8.569612503051758,True
Arc,composer,low,6,50000,2,-7.293067932128906,-6.962471008300781,False
Arc,composer,low,6,60000,3,-7.643562316894531,-8.032160758972168,True
Arc,composer,low,6,70000,4,-6.415420055389404,-8.514152526855469,True
Arc,composer,low,6,80000,4,-7.138234615325928,-7.283959865570068,True
Arc,composer,low,6,90000,4,-7.650448799133301,-8.253052711486816,True
Arc,composer,low,6,100000,4,-7.06559944152832,-8.352428436279297,True
Arc,composer,low,6,109672,6,-7.84904670715332,-8.018362998962402,True
Going Home,director,low,2,0,0,-12.537440299987793,-11.063033103942871,False
Going Home,director,low,2,10000,0,-6.5477705001831055,-5.39145040512085,False
Going Home,director,low,2,20000,0,-5.994695663452148,-6.012287139892578,True
Going Home,director,low,2,30000,0,-5.615393161773682,-4.610978603363037,False
Going Home,director,low,2,40000,0,-5.640743255615234,-5.311666011810303,False
Going Home,director,low,2,50000,0,-6.558749198913574,-4.95559024810791,False
Going Home,director,low,2,60000,0,-6.58514404296875,-4.6127824783325195,False
Going Home,director,low,2,70000,0,-6.666512966156006,-5.089694023132324,False
Going Home,director,low,2,80000,1,-7.435518741607666,-4.664957046508789,False
Going Home,director,low,2,90000,1,-6.899652481079102,-4.229971408843994,False
Going Home,director,low,2,100000,1,-6.3284592628479,-3.52889084815979,False
Going Home,director,low,2,109672,2,-6.834803581237793,-3.981266498565674,False
Crazy,screenwriter,low,4,0,0,-12.086671829223633,-11.764884948730469,False
Crazy,screenwriter,low,4,10000,1,-7.470747947692871,-4.911895751953125,False
Crazy,screenwriter,low,4,20000,1,-6.532779693603516,-4.6884050369262695,False
Crazy,screenwriter,low,4,30000,1,-5.970461845397949,-3.826200246810913,False
Crazy,screenwriter,low,4,40000,1,-5.403505325317383,-3.032060146331787,False
Crazy,screenwriter,low,4,50000,3,-5.199569225311279,-2.846191883087158,False
Crazy,screenwriter,low,4,60000,3,-6.302536964416504,-2.72434139251709,False
Crazy,screenwriter,low,4,70000,4,-5.010728359222412,-2.8441460132598877,False
Crazy,screenwriter,low,4,80000,4,-5.139960289001465,-2.9101195335388184,False
Crazy,screenwriter,low,4,90000,4,-4.277716159820557,-3.024721622467041,False
Crazy,screenwriter,low,4,100000,4,-4.454959869384766,-3.4382286071777344,False
Crazy,screenwriter,low,4,109672,4,-5.907008171081543,-3.130368232727051,False
The Closet,director,low,5,0,0,-11.81248950958252,-11.424108505249023,False
The Closet,director,low,5,10000,0,-7.251123428344727,-4.986627578735352,False
The Closet,director,low,5,20000,1,-6.736480712890625,-4.6186394691467285,False
The Closet,director,low,5,30000,1,-5.578567028045654,-3.884012222290039,False
The Closet,director,low,5,40000,3,-5.93450403213501,-3.9190030097961426,False
The Closet,director,low,5,50000,3,-6.7884392738342285,-3.6127405166625977,False
The Closet,director,low,5,60000,3,-6.765663146972656,-4.5853776931762695,False
The Closet,director,low,5,70000,3,-5.156027317047119,-3.1947920322418213,False
The Closet,director,low,5,80000,4,-5.098491668701172,-3.011512517929077,False
The Closet,director,low,5,90000,4,-6.200624465942383,-3.110294818878174,False
The Closet,director,low,5,100000,4,-5.532672882080078,-3.0399396419525146,False
The Closet,director,low,5,109672,5,-5.446995258331299,-3.0514016151428223,False
The Telling,director,low,5,0,0,-10.999887466430664,-11.75622272491455,True
The Telling,director,low,5,10000,1,-6.79612922668457,-5.0001726150512695,False
The Telling,director,low,5,20000,1,-8.101516723632812,-4.752866744995117,False
The Telling,director,low,5,30000,2,-7.543307304382324,-4.060874938964844,False
The Telling,director,low,5,40000,3,-8.734647750854492,-4.669856071472168,False
The Telling,director,low,5,50000,3,-8.17306137084961,-5.0803542137146,False
The Telling,director,low,5,60000,3,-8.058579444885254,-4.275902271270752,False
The Telling,director,low,5,70000,4,-7.941774368286133,-3.551067352294922,False
The Telling,director,low,5,80000,5,-7.460494518280029,-4.736880302429199,False
The Telling,director,low,5,90000,5,-7.437036037445068,-4.931976318359375,False
The Telling,director,low,5,100000,5,-6.938512802124023,-4.251411437988281,False
The Telling,director,low,5,109672,5,-6.671850681304932,-4.189803600311279,False
The Box,screenwriter,low,4,0,0,-11.536709785461426,-11.8286714553833,True
The Box,screenwriter,low,4,10000,0,-9.063129425048828,-3.4886815547943115,False
The Box,screenwriter,low,4,20000,0,-9.040289878845215,-4.419979095458984,False
The Box,screenwriter,low,4,30000,0,-9.052145004272461,-3.0160043239593506,False
The Box,screenwriter,low,4,40000,0,-9.083769798278809,-4.228469371795654,False
The Box,screenwriter,low,4,50000,1,-8.36170768737793,-3.5984787940979004,False
The Box,screenwriter,low,4,60000,2,-7.4055986404418945,-3.9724526405334473,False
The Box,screenwriter,low,4,70000,2,-8.356101989746094,-3.323611259460449,False
The Box,screenwriter,low,4,80000,3,-7.406451225280762,-2.763280153274536,False
The Box,screenwriter,low,4,90000,3,-7.309802055358887,-3.417778491973877,False
The Box,screenwriter,low,4,100000,3,-7.00131368637085,-3.1373398303985596,False
The Box,screenwriter,low,4,109672,4,-6.847391605377197,-3.032410144805908,False
Second Best Bed,screenwriter,low,4,0,0,-11.275341987609863,-11.492921829223633,True
Second Best Bed,screenwriter,low,4,10000,1,-3.8529655933380127,-5.181617736816406,True
Second Best Bed,screenwriter,low,4,20000,1,-4.376876354217529,-5.611544609069824,True
Second Best Bed,screenwriter,low,4,30000,1,-4.4132609367370605,-5.121058464050293,True
Second Best Bed,screenwriter,low,4,40000,2,-4.909914016723633,-5.463980197906494,True
Second Best Bed,screenwriter,low,4,50000,2,-4.618920803070068,-3.897599697113037,False
Second Best Bed,screenwriter,low,4,60000,2,-4.16498327255249,-4.654160022735596,True
Second Best Bed,screenwriter,low,4,70000,2,-4.128893852233887,-4.929695129394531,True
Second Best Bed,screenwriter,low,4,80000,3,-3.8689029216766357,-4.502016067504883,True
Second Best Bed,screenwriter,low,4,90000,4,-4.378950595855713,-4.6280388832092285,True
Second Best Bed,screenwriter,low,4,100000,4,-4.127912998199463,-3.9392638206481934,False
Second Best Bed,screenwriter,low,4,109672,4,-3.9135475158691406,-4.165306568145752,True
The Hide,screenwriter,low,6,0,0,-12.081613540649414,-11.252534866333008,False
The Hide,screenwriter,low,6,10000,0,-5.866306781768799,-4.6202778816223145,False
The Hide,screenwriter,low,6,20000,1,-5.289514064788818,-3.6006956100463867,False
The Hide,screenwriter,low,6,30000,1,-5.849164962768555,-3.338243246078491,False
The Hide,screenwriter,low,6,40000,1,-5.3423237800598145,-3.3818883895874023,False
The Hide,screenwriter,low,6,50000,2,-5.3354411125183105,-3.14028263092041,False
The Hide,screenwriter,low,6,60000,3,-3.989067554473877,-2.8266592025756836,False
The Hide,screenwriter,low,6,70000,4,-4.0292463302612305,-3.0289111137390137,False
The Hide,screenwriter,low,6,80000,4,-4.0723090171813965,-2.6471381187438965,False
The Hide,screenwriter,low,6,90000,5,-3.933922052383423,-2.9734885692596436,False
The Hide,screenwriter,low,6,100000,6,-3.450188636779785,-2.863612413406372,False
The Hide,screenwriter,low,6,109672,6,-3.423734188079834,-2.42862868309021,False
Company Man,screenwriter,low,4,0,0,-11.851055145263672,-11.511969566345215,False
Company Man,screenwriter,low,4,10000,0,-5.30899715423584,-6.382918357849121,True
Company Man,screenwriter,low,4,20000,2,-5.2408270835876465,-6.368927001953125,True
Company Man,screenwriter,low,4,30000,3,-5.292246341705322,-7.199444770812988,True
Company Man,screenwriter,low,4,40000,3,-5.424781799316406,-6.471469402313232,True
Company Man,screenwriter,low,4,50000,3,-6.346184253692627,-6.355988025665283,True
Company Man,screenwriter,low,4,60000,3,-4.66290283203125,-6.221416473388672,True
Company Man,screenwriter,low,4,70000,4,-4.959433078765869,-5.589643955230713,True
Company Man,screenwriter,low,4,80000,4,-4.291502952575684,-5.725035190582275,True
Company Man,screenwriter,low,4,90000,4,-4.701776027679443,-6.436002731323242,True
Company Man,screenwriter,low,4,100000,4,-4.432143688201904,-5.8646240234375,True
Company Man,screenwriter,low,4,109672,4,-4.451750755310059,-5.481951713562012,True
I Wanna Pick You Up,composer,low,6,0,0,-11.86474609375,-11.905860900878906,True
I Wanna Pick You Up,composer,low,6,10000,1,-4.554834365844727,-5.510250568389893,True
I Wanna Pick You Up,composer,low,6,20000,3,-5.414546489715576,-5.466141700744629,True
I Wanna Pick You Up,composer,low,6,30000,4,-4.659375190734863,-2.965320348739624,False
I Wanna Pick You Up,composer,low,6,40000,4,-4.9524993896484375,-5.471667766571045,True
I Wanna Pick You Up,composer,low,6,50000,4,-4.901618957519531,-3.8796093463897705,False
I Wanna Pick You Up,composer,low,6,60000,4,-5.07943058013916,-3.9029808044433594,False
I Wanna Pick You Up,composer,low,6,70000,4,-4.4280548095703125,-3.869478940963745,False
I Wanna Pick You Up,composer,low,6,80000,4,-5.018950939178467,-2.833745002746582,False
I Wanna Pick You Up,composer,low,6,90000,4,-4.938695907592773,-3.1947219371795654,False
I Wanna Pick You Up,composer,low,6,100000,5,-5.064678192138672,-3.19626522064209,False
I Wanna Pick You Up,composer,low,6,109672,6,-5.138498306274414,-3.6754539012908936,False
The Paperboy,genre,low,2,0,0,-11.227285385131836,-11.04440975189209,False
The Paperboy,genre,low,2,10000,1,-6.220987796783447,-3.633277177810669,False
The Paperboy,genre,low,2,20000,1,-6.813348293304443,-4.017186641693115,False
The Paperboy,genre,low,2,30000,2,-7.432851791381836,-4.064370155334473,False
The Paperboy,genre,low,2,40000,2,-7.596016883850098,-4.970224380493164,False
The Paperboy,genre,low,2,50000,2,-6.626528739929199,-4.675968170166016,False
The Paperboy,genre,low,2,60000,2,-7.094634056091309,-4.588986873626709,False
The Paperboy,genre,low,2,70000,2,-5.836713790893555,-4.144326686859131,False
The Paperboy,genre,low,2,80000,2,-7.322992324829102,-4.527352809906006,False
The Paperboy,genre,low,2,90000,2,-6.994883060455322,-4.311060428619385,False
The Paperboy,genre,low,2,100000,2,-6.9734039306640625,-4.350861072540283,False
The Paperboy,genre,low,2,109672,2,-6.804579257965088,-4.356822967529297,False
A World of Difference,genre,low,1,0,0,-11.993914604187012,-11.74700927734375,False
A World of Difference,genre,low,1,10000,0,-4.528476238250732,-6.568321228027344,True
A World of Difference,genre,low,1,20000,0,-5.054258346557617,-6.402890205383301,True
A World of Difference,genre,low,1,30000,0,-5.190637111663818,-7.204825401306152,True
A World of Difference,genre,low,1,40000,0,-4.761938571929932,-7.600790023803711,True
A World of Difference,genre,low,1,50000,0,-4.756937026977539,-7.187960624694824,True
A World of Difference,genre,low,1,60000,0,-4.625141143798828,-7.158029556274414,True
A World of Difference,genre,low,1,70000,0,-4.800539493560791,-7.116265296936035,True
A World of Difference,genre,low,1,80000,1,-4.904738426208496,-7.93220853805542,True
A World of Difference,genre,low,1,90000,1,-5.015535831451416,-7.626575469970703,True
A World of Difference,genre,low,1,100000,1,-4.826270580291748,-7.414207458496094,True
A World of Difference,genre,low,1,109672,1,-4.404788970947266,-6.839412689208984,True
Panic,director,low,1,0,0,-11.503214836120605,-11.328303337097168,False
Panic,director,low,1,10000,0,-7.271092891693115,-6.271173477172852,False
Panic,director,low,1,20000,0,-6.902690887451172,-6.633481025695801,False
Panic,director,low,1,30000,0,-6.522768020629883,-4.434174060821533,False
Panic,director,low,1,40000,0,-6.477686405181885,-5.098514080047607,False
Panic,director,low,1,50000,1,-4.9253764152526855,-5.039601802825928,True
Panic,director,low,1,60000,1,-4.779360294342041,-5.096330165863037,True
Panic,director,low,1,70000,1,-5.761358261108398,-4.295260906219482,False
Panic,director,low,1,80000,1,-5.952427387237549,-4.381852626800537,False
Panic,director,low,1,90000,1,-5.731061935424805,-4.502566814422607,False
Panic,director,low,1,100000,1,-5.264106750488281,-3.684006690979004,False
Panic,director,low,1,109672,1,-6.258274555206299,-4.0171332359313965,False
Artist,composer,low,3,0,0,-11.695938110351562,-11.511186599731445,False
Artist,composer,low,3,10000,0,-10.149266242980957,-3.2285869121551514,False
Artist,composer,low,3,20000,1,-8.757591247558594,-2.0997672080993652,False
Artist,composer,low,3,30000,2,-7.082566738128662,-1.6498892307281494,False
Artist,composer,low,3,40000,2,-8.57638168334961,-2.5426509380340576,False
Artist,composer,low,3,50000,2,-6.6424360275268555,-2.2484524250030518,False
Artist,composer,low,3,60000,2,-7.307375431060791,-1.9298280477523804,False
Artist,composer,low,3,70000,2,-8.592365264892578,-2.47355580329895,False
Artist,composer,low,3,80000,2,-7.227303504943848,-2.5046141147613525,False
Artist,composer,low,3,90000,3,-8.747598648071289,-2.375960350036621,False
Artist,composer,low,3,100000,3,-8.7405366897583,-2.4575726985931396,False
Artist,composer,low,3,109672,3,-9.582550048828125,-2.405632734298706,False
The Road,screenwriter,low,1,0,0,-12.118990898132324,-11.327225685119629,False
The Road,screenwriter,low,1,10000,0,-8.548849105834961,-5.5210700035095215,False
The Road,screenwriter,low,1,20000,0,-5.934329032897949,-4.9780707359313965,False
The Road,screenwriter,low,1,30000,0,-7.043385982513428,-4.200358867645264,False
The Road,screenwriter,low,1,40000,0,-7.326836585998535,-5.8853302001953125,False
The Road,screenwriter,low,1,50000,1,-6.495571613311768,-4.071598529815674,False
The Road,screenwriter,low,1,60000,1,-6.51978063583374,-4.214827060699463,False
The Road,screenwriter,low,1,70000,1,-5.424241542816162,-4.463041305541992,False
The Road,screenwriter,low,1,80000,1,-6.358394145965576,-3.9720261096954346,False
The Road,screenwriter,low,1,90000,1,-6.046214580535889,-3.7021942138671875,False
The Road,screenwriter,low,1,100000,1,-6.005127906799316,-3.689626455307007,False
The Road,screenwriter,low,1,109672,1,-5.764268398284912,-3.7217845916748047,False
The Battle,director,low,5,0,0,-11.242525100708008,-11.232626914978027,False
The Battle,director,low,5,10000,0,-7.781675338745117,-5.503076076507568,False
The Battle,director,low,5,20000,0,-7.5502495765686035,-5.658761501312256,False
The Battle,director,low,5,30000,0,-6.995136737823486,-4.131582260131836,False
The Battle,director,low,5,40000,0,-8.311934471130371,-5.169371128082275,False
The Battle,director,low,5,50000,1,-7.04033088684082,-5.368657112121582,False
The Battle,director,low,5,60000,1,-6.792353630065918,-4.4337944984436035,False
The Battle,director,low,5,70000,1,-6.877467155456543,-4.420897006988525,False
The Battle,director,low,5,80000,1,-6.479938507080078,-3.9944570064544678,False
The Battle,director,low,5,90000,2,-6.362118721008301,-3.5009896755218506,False
The Battle,director,low,5,100000,4,-6.860578536987305,-3.554619789123535,False
The Battle,director,low,5,109672,5,-6.153977394104004,-3.237291097640991,False
The Jack-Knife Man,producer,low,2,0,0,-11.62869644165039,-11.615010261535645,False
The Jack-Knife Man,producer,low,2,10000,0,-6.907729625701904,-4.245236873626709,False
The Jack-Knife Man,producer,low,2,20000,0,-6.543717861175537,-4.441770076751709,False
The Jack-Knife Man,producer,low,2,30000,0,-4.754561901092529,-4.299452781677246,False
The Jack-Knife Man,producer,low,2,40000,0,-5.423013210296631,-4.084599018096924,False
The Jack-Knife Man,producer,low,2,50000,1,-5.300917148590088,-3.7544100284576416,False
The Jack-Knife Man,producer,low,2,60000,1,-3.8903636932373047,-3.9369709491729736,True
The Jack-Knife Man,producer,low,2,70000,1,-3.942291259765625,-3.523117780685425,False
The Jack-Knife Man,producer,low,2,80000,2,-4.040524482727051,-3.1724507808685303,False
The Jack-Knife Man,producer,low,2,90000,2,-3.509351968765259,-3.2651636600494385,False
The Jack-Knife Man,producer,low,2,100000,2,-3.9410908222198486,-3.449934720993042,False
The Jack-Knife Man,producer,low,2,109672,2,-3.6575870513916016,-3.598210573196411,False
Chasing,composer,low,5,0,0,-13.124903678894043,-11.176401138305664,False
Chasing,composer,low,5,10000,0,-6.8604302406311035,-5.634519100189209,False
Chasing,composer,low,5,20000,2,-6.518121719360352,-4.925336837768555,False
Chasing,composer,low,5,30000,2,-6.432819843292236,-4.063591480255127,False
Chasing,composer,low,5,40000,4,-6.448709011077881,-4.189981460571289,False
Chasing,composer,low,5,50000,4,-6.369809627532959,-4.473662376403809,False
Chasing,composer,low,5,60000,4,-5.441413879394531,-3.7686209678649902,False
Chasing,composer,low,5,70000,4,-5.289581775665283,-3.3109683990478516,False
Chasing,composer,low,5,80000,5,-5.026745319366455,-2.838035821914673,False
Chasing,composer,low,5,90000,5,-5.21792459487915,-2.9165892601013184,False
Chasing,composer,low,5,100000,5,-5.129214763641357,-3.227358341217041,False
Chasing,composer,low,5,109672,5,-4.708225727081299,-3.145643711090088,False
Yellow,screenwriter,low,4,0,0,-11.638182640075684,-11.791374206542969,True
Yellow,screenwriter,low,4,10000,0,-9.136332511901855,-2.8984246253967285,False
Yellow,screenwriter,low,4,20000,0,-8.189581871032715,-3.109137773513794,False
Yellow,screenwriter,low,4,30000,1,-7.48495626449585,-2.40375018119812,False
Yellow,screenwriter,low,4,40000,1,-8.290480613708496,-2.131474018096924,False
Yellow,screenwriter,low,4,50000,1,-7.569437026977539,-2.150942087173462,False
Yellow,screenwriter,low,4,60000,1,-7.861340045928955,-2.4126687049865723,False
Yellow,screenwriter,low,4,70000,2,-6.439484119415283,-2.217716932296753,False
Yellow,screenwriter,low,4,80000,3,-6.993984699249268,-2.195343494415283,False
Yellow,screenwriter,low,4,90000,4,-7.329364776611328,-1.9650577306747437,False
Yellow,screenwriter,low,4,100000,4,-7.316131114959717,-2.244128704071045,False
Yellow,screenwriter,low,4,109672,4,-7.127662658691406,-2.3458292484283447,False
Breathe,producer,mid,7,0,0,-11.624303817749023,-11.464929580688477,False
Breathe,producer,mid,7,10000,1,-8.405011177062988,-6.364607334136963,False
Breathe,producer,mid,7,20000,1,-7.2880024909973145,-4.692367076873779,False
Breathe,producer,mid,7,30000,2,-7.800307273864746,-5.891194820404053,False
Breathe,producer,mid,7,40000,2,-6.997937202453613,-4.694456577301025,False
Breathe,producer,mid,7,50000,3,-7.951228618621826,-5.55203104019165,False
Breathe,producer,mid,7,60000,4,-7.489194869995117,-4.328364372253418,False
Breathe,producer,mid,7,70000,6,-7.116957664489746,-6.423551082611084,False
Breathe,producer,mid,7,80000,6,-6.964694499969482,-5.256539821624756,False
Breathe,producer,mid,7,90000,6,-7.226926326751709,-5.145401477813721,False
Breathe,producer,mid,7,100000,6,-6.672114372253418,-5.2858967781066895,False
Breathe,producer,mid,7,109672,7,-6.692431926727295,-5.684249401092529,False
Arthur Herzog,father,mid,7,0,0,-12.040143013000488,-11.83598804473877,False
Arthur Herzog,father,mid,7,10000,0,-2.0291717052459717,-5.0562334060668945,True
Arthur Herzog,father,mid,7,20000,0,-2.05157732963562,-4.9185967445373535,True
Arthur Herzog,father,mid,7,30000,0,-2.3048384189605713,-4.534997940063477,True
Arthur Herzog,father,mid,7,40000,1,-2.4578068256378174,-3.8355088233947754,True
Arthur Herzog,father,mid,7,50000,2,-2.2968740463256836,-3.577455997467041,True
Arthur Herzog,father,mid,7,60000,3,-1.8817195892333984,-4.539553165435791,True
Arthur Herzog,father,mid,7,70000,3,-1.6560773849487305,-4.963993549346924,True
Arthur Herzog,father,mid,7,80000,5,-2.095296859741211,-4.084077835083008,True
Arthur Herzog,father,mid,7,90000,5,-1.865102767944336,-4.464643955230713,True
Arthur Herzog,father,mid,7,100000,7,-1.9090909957885742,-4.28611946105957,True
Arthur Herzog,father,mid,7,109672,7,-1.7722997665405273,-4.392014980316162,True
I Need You,composer,mid,18,0,0,-11.174552917480469,-11.737802505493164,True
I Need You,composer,mid,18,10000,2,-4.6733293533325195,-5.346614837646484,True
I Need You,composer,mid,18,20000,3,-6.454906463623047,-3.8944664001464844,False
I Need You,composer,mid,18,30000,3,-4.402799606323242,-2.0438740253448486,False
I Need You,composer,mid,18,40000,3,-4.3274126052856445,-2.5649008750915527,False
I Need You,composer,mid,18,50000,4,-5.899019241333008,-3.2450027465820312,False
I Need You,composer,mid,18,60000,9,-5.590642929077148,-2.3037307262420654,False
I Need You,composer,mid,18,70000,10,-5.0157670974731445,-2.819648504257202,False
I Need You,composer,mid,18,80000,12,-6.078405857086182,-2.2977373600006104,False
I Need You,composer,mid,18,90000,15,-6.031937599182129,-2.6388742923736572,False
I Need You,composer,mid,18,100000,16,-5.403021812438965,-2.456684112548828,False
I Need You,composer,mid,18,109672,18,-5.143199920654297,-2.453493118286133,False
Around the World,composer,mid,22,0,0,-10.948625564575195,-11.801492691040039,True
Around the World,composer,mid,22,10000,1,-7.176480293273926,-6.0081281661987305,False
Around the World,composer,mid,22,20000,3,-6.8972392082214355,-5.608823299407959,False
Around the World,composer,mid,22,30000,4,-4.745681285858154,-4.093296051025391,False
Around the World,composer,mid,22,40000,7,-6.452846527099609,-4.036859035491943,False
Around the World,composer,mid,22,50000,9,-5.3330888748168945,-6.0164690017700195,True
Around the World,composer,mid,22,60000,10,-5.283282279968262,-4.008480548858643,False
Around the World,composer,mid,22,70000,11,-4.336005687713623,-5.403903484344482,True
Around the World,composer,mid,22,80000,15,-4.939357757568359,-4.124420166015625,False
Around the World,composer,mid,22,90000,15,-5.030006408691406,-4.239373683929443,False
Around the World,composer,mid,22,100000,17,-4.937775611877441,-6.008927822113037,True
Around the World,composer,mid,22,109672,22,-4.9526801109313965,-5.20089054107666,True
Conflict,screenwriter,mid,17,0,0,-12.054072380065918,-11.12292766571045,False
Conflict,screenwriter,mid,17,10000,1,-4.814704418182373,-6.5061516761779785,True
Conflict,screenwriter,mid,17,20000,3,-4.54644775390625,-5.778345584869385,True
Conflict,screenwriter,mid,17,30000,3,-3.0395779609680176,-5.66485595703125,True
Conflict,screenwriter,mid,17,40000,7,-2.811568021774292,-5.561779022216797,True
Conflict,screenwriter,mid,17,50000,8,-3.314708948135376,-6.344851970672607,True
Conflict,screenwriter,mid,17,60000,11,-2.4710097312927246,-5.755228042602539,True
Conflict,screenwriter,mid,17,70000,12,-2.461071252822876,-4.8740973472595215,True
Conflict,screenwriter,mid,17,80000,13,-3.151123046875,-5.514193058013916,True
Conflict,screenwriter,mid,17,90000,16,-3.5276362895965576,-3.9029788970947266,True
Conflict,screenwriter,mid,17,100000,17,-2.750767230987549,-4.827488899230957,True
Conflict,screenwriter,mid,17,109672,17,-3.6309447288513184,-5.73399543762207,True
Shiva,director,mid,8,0,0,-11.799341201782227,-11.911046981811523,True
Shiva,director,mid,8,10000,2,-7.038914680480957,-6.963913440704346,False
Shiva,director,mid,8,20000,2,-3.668715000152588,-7.322608470916748,True
Shiva,director,mid,8,30000,2,-5.700135231018066,-6.691893577575684,True
Shiva,director,mid,8,40000,2,-4.482912540435791,-6.780908584594727,True
Shiva,director,mid,8,50000,3,-4.664942741394043,-6.44503116607666,True
Shiva,director,mid,8,60000,3,-4.122082710266113,-5.500679969787598,True
Shiva,director,mid,8,70000,4,-3.132640838623047,-6.540045261383057,True
Shiva,director,mid,8,80000,5,-2.8503806591033936,-6.439004898071289,True
Shiva,director,mid,8,90000,5,-2.6687254905700684,-6.952596664428711,True
Shiva,director,mid,8,100000,5,-3.2971019744873047,-6.883775234222412,True
Shiva,director,mid,8,109672,8,-3.3437914848327637,-6.2516984939575195,True
Sunday,screenwriter,mid,8,0,0,-12.239375114440918,-11.971088409423828,False
Sunday,screenwriter,mid,8,10000,0,-6.6613359451293945,-4.961114883422852,False
Sunday,screenwriter,mid,8,20000,0,-6.303409099578857,-5.277209281921387,False
Sunday,screenwriter,mid,8,30000,0,-4.950593948364258,-4.144485950469971,False
Sunday,screenwriter,mid,8,40000,0,-6.352966785430908,-4.791013240814209,False
Sunday,screenwriter,mid,8,50000,1,-5.235152244567871,-2.4540860652923584,False
Sunday,screenwriter,mid,8,60000,2,-5.277017116546631,-3.3630619049072266,False
Sunday,screenwriter,mid,8,70000,2,-5.353848934173584,-3.952167510986328,False
Sunday,screenwriter,mid,8,80000,2,-3.983001232147217,-3.8306472301483154,False
Sunday,screenwriter,mid,8,90000,5,-3.9325430393218994,-4.256521701812744,True
Sunday,screenwriter,mid,8,100000,6,-3.3365626335144043,-3.5243072509765625,True
Sunday,screenwriter,mid,8,109672,8,-3.6166727542877197,-3.6217989921569824,True
Whiteboyz,director,mid,8,0,0,-11.075279235839844,-12.193119049072266,True
Whiteboyz,director,mid,8,10000,0,-6.568140029907227,-5.5077972412109375,False
Whiteboyz,director,mid,8,20000,3,-6.131655216217041,-4.661134243011475,False
Whiteboyz,director,mid,8,30000,4,-6.168867588043213,-3.459953546524048,False
Whiteboyz,director,mid,8,40000,4,-6.994093894958496,-4.206497669219971,False
Whiteboyz,director,mid,8,50000,5,-7.140072822570801,-2.5138978958129883,False
Whiteboyz,director,mid,8,60000,6,-7.233870506286621,-3.43886399269104,False
Whiteboyz,director,mid,8,70000,7,-7.199006080627441,-3.1637189388275146,False
Whiteboyz,director,mid,8,80000,7,-7.74650764465332,-2.8552162647247314,False
Whiteboyz,director,mid,8,90000,8,-6.676331520080566,-2.8944084644317627,False
Whiteboyz,director,mid,8,100000,8,-7.31168270111084,-3.081979751586914,False
Whiteboyz,director,mid,8,109672,8,-6.97838020324707,-3.1647214889526367,False
The Innocent,director,mid,9,0,0,-11.893296241760254,-11.910618782043457,True
The Innocent,director,mid,9,10000,1,-4.07860803604126,-6.035618305206299,True
The Innocent,director,mid,9,20000,2,-2.713622808456421,-5.251342296600342,True
The Innocent,director,mid,9,30000,3,-3.054941177368164,-4.8243889808654785,True
The Innocent,director,mid,9,40000,4,-2.2809362411499023,-5.006531715393066,True
The Innocent,director,mid,9,50000,5,-2.450587272644043,-5.787861347198486,True
The Innocent,director,mid,9,60000,6,-2.6628215312957764,-5.007890224456787,True
The Innocent,director,mid,9,70000,6,-2.8164515495300293,-4.860295295715332,True
The Innocent,director,mid,9,80000,7,-2.1579842567443848,-4.428707599639893,True
The Innocent,director,mid,9,90000,9,-2.2996718883514404,-5.033631801605225,True
The Innocent,director,mid,9,100000,9,-2.362436532974243,-4.675292491912842,True
The Innocent,director,mid,9,109672,9,-2.080594539642334,-4.190379619598389,True
Game,director,mid,12,0,0,-11.783935546875,-11.505455017089844,False
Game,director,mid,12,10000,0,-5.658059120178223,-5.274549961090088,False
Game,director,mid,12,20000,1,-4.5048508644104,-3.955087661743164,False
Game,director,mid,12,30000,2,-5.188307285308838,-4.288755893707275,False
Game,director,mid,12,40000,3,-6.875999450683594,-4.216557502746582,False
Game,director,mid,12,50000,5,-4.857844352722168,-5.009052753448486,True
Game,director,mid,12,60000,8,-4.677159309387207,-3.8651554584503174,False
Game,director,mid,12,70000,9,-4.945986270904541,-4.672122478485107,False
Game,director,mid,12,80000,10,-5.3619279861450195,-4.398751735687256,False
Game,director,mid,12,90000,10,-3.7711517810821533,-3.3691627979278564,False
Game,director,mid,12,100000,11,-4.104668617248535,-3.7215147018432617,False
Game,director,mid,12,109672,12,-3.9759154319763184,-3.3700265884399414,False
Gnomes,screenwriter,mid,9,0,0,-12.238204956054688,-11.873316764831543,False
Gnomes,screenwriter,mid,9,10000,3,-6.22132682800293,-6.425467014312744,True
Gnomes,screenwriter,mid,9,20000,3,-6.432863235473633,-5.972076892852783,False
Gnomes,screenwriter,mid,9,30000,5,-5.758271217346191,-5.650371074676514,False
Gnomes,screenwriter,mid,9,40000,5,-7.829287528991699,-6.003088474273682,False
Gnomes,screenwriter,mid,9,50000,6,-6.552977561950684,-6.073704242706299,False
Gnomes,screenwriter,mid,9,60000,7,-6.85096549987793,-4.7613348960876465,False
Gnomes,screenwriter,mid,9,70000,8,-6.091372489929199,-4.183037757873535,False
Gnomes,screenwriter,mid,9,80000,9,-6.046520233154297,-4.238610744476318,False
Gnomes,screenwriter,mid,9,90000,9,-6.102474212646484,-5.145974636077881,False
Gnomes,screenwriter,mid,9,100000,9,-5.643043518066406,-4.977729320526123,False
Gnomes,screenwriter,mid,9,109672,9,-6.699207782745361,-4.663143634796143,False
Punishment,genre,mid,12,0,0,-11.372896194458008,-11.620468139648438,True
Punishment,genre,mid,12,10000,0,-5.566967010498047,-5.134511947631836,False
Punishment,genre,mid,12,20000,3,-6.084031581878662,-5.7136335372924805,False
Punishment,genre,mid,12,30000,3,-5.989835262298584,-5.239953994750977,False
Punishment,genre,mid,12,40000,6,-7.325530052185059,-6.751317977905273,False
Punishment,genre,mid,12,50000,8,-6.899945259094238,-5.66062593460083,False
Punishment,genre,mid,12,60000,10,-6.876096248626709,-5.966086387634277,False
Punishment,genre,mid,12,70000,10,-6.799890041351318,-5.440440654754639,False
Punishment,genre,mid,12,80000,11,-7.499510765075684,-6.620425224304199,False
Punishment,genre,mid,12,90000,11,-7.194755554199219,-5.771005630493164,False
Punishment,genre,mid,12,100000,11,-6.649542331695557,-5.565175533294678,False
Punishment,genre,mid,12,109672,12,-6.990551948547363,-5.806033611297607,False
Without Love,screenwriter,mid,14,0,0,-12.314275741577148,-11.914998054504395,False
Without Love,screenwriter,mid,14,10000,0,-6.339320182800293,-5.314423561096191,False
Without Love,screenwriter,mid,14,20000,1,-6.010332107543945,-5.126469612121582,False
Without Love,screenwriter,mid,14,30000,1,-5.17202615737915,-3.15220046043396,False
Without Love,screenwriter,mid,14,40000,1,-4.439086437225342,-3.488046169281006,False
Without Love,screenwriter,mid,14,50000,2,-5.268526077270508,-3.3711485862731934,False
Without Love,screenwriter,mid,14,60000,4,-3.531564712524414,-2.978364944458008,False
Without Love,screenwriter,mid,14,70000,6,-5.550060272216797,-3.3442227840423584,False
Without Love,screenwriter,mid,14,80000,8,-3.1282081604003906,-3.4408671855926514,True
Without Love,screenwriter,mid,14,90000,8,-4.153769016265869,-3.62245774269104,False
Without Love,screenwriter,mid,14,100000,10,-3.322550058364868,-3.3530735969543457,True
Without Love,screenwriter,mid,14,109672,14,-3.1229357719421387,-3.175157308578491,True
Alone,screenwriter,mid,14,0,0,-11.482975959777832,-11.194741249084473,False
Alone,screenwriter,mid,14,10000,3,-7.394711017608643,-4.784658908843994,False
Alone,screenwriter,mid,14,20000,4,-8.237236976623535,-5.0061140060424805,False
Alone,screenwriter,mid,14,30000,4,-7.0720696449279785,-5.0974626541137695,False
Alone,screenwriter,mid,14,40000,8,-7.491201877593994,-3.1517934799194336,False
Alone,screenwriter,mid,14,50000,8,-7.120529651641846,-3.798363447189331,False
Alone,screenwriter,mid,14,60000,8,-7.208011150360107,-3.1323418617248535,False
Alone,screenwriter,mid,14,70000,10,-6.550373077392578,-3.3310577869415283,False
Alone,screenwriter,mid,14,80000,11,-7.46702241897583,-3.2366607189178467,False
Alone,screenwriter,mid,14,90000,13,-6.897245407104492,-2.7852444648742676,False
Alone,screenwriter,mid,14,100000,14,-6.402127742767334,-3.104823350906372,False
Alone,screenwriter,mid,14,109672,14,-6.05796480178833,-2.6160364151000977,False
Atlantis no Nazo,genre,mid,10,0,0,-10.863775253295898,-11.486385345458984,True
Atlantis no Nazo,genre,mid,10,10000,3,-8.316535949707031,-7.251122951507568,False
Atlantis no Nazo,genre,mid,10,20000,4,-7.200629234313965,-5.6291890144348145,False
Atlantis no Nazo,genre,mid,10,30000,4,-6.731998443603516,-5.828761100769043,False
Atlantis no Nazo,genre,mid,10,40000,4,-7.205743312835693,-6.605086326599121,False
Atlantis no Nazo,genre,mid,10,50000,7,-7.261570930480957,-5.758611679077148,False
Atlantis no Nazo,genre,mid,10,60000,7,-7.026390552520752,-5.381554126739502,False
Atlantis no Nazo,genre,mid,10,70000,7,-7.1964497566223145,-5.094597339630127,False
Atlantis no Nazo,genre,mid,10,80000,7,-7.129859924316406,-6.465522766113281,False
Atlantis no Nazo,genre,mid,10,90000,7,-7.073449611663818,-5.895707607269287,False
Atlantis no Nazo,genre,mid,10,100000,8,-6.721429824829102,-5.702999114990234,False
Atlantis no Nazo,genre,mid,10,109672,10,-6.8525824546813965,-6.205859661102295,False
Pulse,screenwriter,mid,19,0,0,-10.839741706848145,-11.863113403320312,True
Pulse,screenwriter,mid,19,10000,2,-5.2722907066345215,-5.41934061050415,True
Pulse,screenwriter,mid,19,20000,2,-5.591859340667725,-3.4971749782562256,False
Pulse,screenwriter,mid,19,30000,6,-4.782936096191406,-2.8216779232025146,False
Pulse,screenwriter,mid,19,40000,7,-4.0350341796875,-2.7143495082855225,False
Pulse,screenwriter,mid,19,50000,7,-3.7586441040039062,-2.4226841926574707,False
Pulse,screenwriter,mid,19,60000,8,-4.350901126861572,-3.8791019916534424,False
Pulse,screenwriter,mid,19,70000,12,-4.3828864097595215,-2.5423431396484375,False
Pulse,screenwriter,mid,19,80000,14,-3.5896031856536865,-2.483464479446411,False
Pulse,screenwriter,mid,19,90000,16,-4.455050468444824,-2.7304718494415283,False
Pulse,screenwriter,mid,19,100000,16,-3.9006145000457764,-1.9784950017929077,False
Pulse,screenwriter,mid,19,109672,19,-3.9649159908294678,-2.282884359359741,False
Six Weeks,composer,mid,15,0,0,-11.887101173400879,-11.832463264465332,False
Six Weeks,composer,mid,15,10000,1,-7.896035671234131,-5.320423126220703,False
Six Weeks,composer,mid,15,20000,3,-7.169551372528076,-3.946942090988159,False
Six Weeks,composer,mid,15,30000,5,-6.574379920959473,-4.200197696685791,False
Six Weeks,composer,mid,15,40000,6,-7.495453834533691,-5.093386173248291,False
Six Weeks,composer,mid,15,50000,7,-5.845755577087402,-3.9834673404693604,False
Six Weeks,composer,mid,15,60000,8,-6.476187229156494,-3.2691650390625,False
Six Weeks,composer,mid,15,70000,9,-7.513238430023193,-4.088357925415039,False
Six Weeks,composer,mid,15,80000,11,-6.639169216156006,-3.9149134159088135,False
Six Weeks,composer,mid,15,90000,12,-6.59867525100708,-3.701850175857544,False
Six Weeks,composer,mid,15,100000,14,-7.1217732429504395,-3.5287036895751953,False
Six Weeks,composer,mid,15,109672,15,-7.869615077972412,-4.432872772216797,False
Commissioner,director,mid,13,0,0,-11.87585163116455,-11.834419250488281,False
Commissioner,director,mid,13,10000,0,-4.963591575622559,-5.0040435791015625,True
Commissioner,director,mid,13,20000,2,-4.672802925109863,-4.910909652709961,True
Commissioner,director,mid,13,30000,4,-3.934616804122925,-4.253319263458252,True
Commissioner,director,mid,13,40000,6,-5.648272514343262,-4.957106113433838,False
Commissioner,director,mid,13,50000,7,-4.417611598968506,-4.8569560050964355,True
Commissioner,director,mid,13,60000,8,-3.6561191082000732,-4.600053787231445,True
Commissioner,director,mid,13,70000,9,-3.993837356567383,-4.011760711669922,True
Commissioner,director,mid,13,80000,10,-3.6394457817077637,-3.613468885421753,False
Commissioner,director,mid,13,90000,10,-4.032087802886963,-4.3804931640625,True
Commissioner,director,mid,13,100000,11,-3.4359512329101562,-3.9334216117858887,True
Commissioner,director,mid,13,109672,13,-3.5825982093811035,-3.516684055328369,False
Takedown,director,mid,16,0,0,-11.483661651611328,-11.527549743652344,True
Takedown,director,mid,16,10000,0,-4.639589786529541,-7.8142313957214355,True
Takedown,director,mid,16,20000,3,-4.506649971008301,-6.58941125869751,True
Takedown,director,mid,16,30000,4,-4.1958723068237305,-6.128061294555664,True
Takedown,director,mid,16,40000,8,-3.7549519538879395,-6.233315944671631,True
Takedown,director,mid,16,50000,9,-3.9731667041778564,-5.962545871734619,True
Takedown,director,mid,16,60000,10,-3.718468189239502,-5.398900508880615,True
Takedown,director,mid,16,70000,11,-3.8126537799835205,-5.50640869140625,True
Takedown,director,mid,16,80000,14,-3.113387107849121,-5.088509559631348,True
Takedown,director,mid,16,90000,14,-2.818632125854492,-4.669137477874756,True
Takedown,director,mid,16,100000,16,-3.858114004135132,-5.028520584106445,True
Takedown,director,mid,16,109672,16,-3.3851706981658936,-4.864967346191406,True
Love Letter,screenwriter,mid,20,0,0,-11.766676902770996,-11.694191932678223,False
Love Letter,screenwriter,mid,20,10000,3,-4.07293701171875,-4.960130214691162,True
Love Letter,screenwriter,mid,20,20000,4,-3.8109118938446045,-3.410475254058838,False
Love Letter,screenwriter,mid,20,30000,7,-4.226933479309082,-3.662287950515747,False
Love Letter,screenwriter,mid,20,40000,10,-3.6235573291778564,-4.56673002243042,True
Love Letter,screenwriter,mid,20,50000,11,-3.787654161453247,-4.085420608520508,True
Love Letter,screenwriter,mid,20,60000,13,-3.147981643676758,-3.164807081222534,True
Love Letter,screenwriter,mid,20,70000,14,-3.199815034866333,-3.2507758140563965,True
Love Letter,screenwriter,mid,20,80000,15,-2.477691888809204,-3.5849709510803223,True
Love Letter,screenwriter,mid,20,90000,15,-3.239297866821289,-3.20914888381958,False
Love Letter,screenwriter,mid,20,100000,19,-2.3923466205596924,-3.290926694869995,True
Love Letter,screenwriter,mid,20,109672,20,-2.552480459213257,-3.065647840499878,True
Looking for Love,genre,mid,16,0,0,-11.445465087890625,-11.701647758483887,True
Looking for Love,genre,mid,16,10000,1,-4.635083198547363,-5.5826873779296875,True
Looking for Love,genre,mid,16,20000,1,-5.060573577880859,-4.910308837890625,False
Looking for Love,genre,mid,16,30000,3,-5.011749267578125,-6.502429962158203,True
Looking for Love,genre,mid,16,40000,4,-6.145792007446289,-6.786330223083496,True
Looking for Love,genre,mid,16,50000,5,-4.470975875854492,-6.778051376342773,True
Looking for Love,genre,mid,16,60000,8,-5.569284915924072,-5.76325798034668,True
Looking for Love,genre,mid,16,70000,11,-4.433104991912842,-5.888806343078613,True
Looking for Love,genre,mid,16,80000,11,-5.687958240509033,-6.786386489868164,True
Looking for Love,genre,mid,16,90000,14,-4.973833084106445,-6.215221881866455,True
Looking for Love,genre,mid,16,100000,15,-4.870485305786133,-6.408083915710449,True
Looking for Love,genre,mid,16,109672,16,-4.5198822021484375,-6.5760369300842285,True
The Man in Half Moon Street,director,mid,9,0,0,-12.980493545532227,-12.035649299621582,False
The Man in Half Moon Street,director,mid,9,10000,1,-8.848268508911133,-3.9330520629882812,False
The Man in Half Moon Street,director,mid,9,20000,2,-8.010220527648926,-3.604158401489258,False
The Man in Half Moon Street,director,mid,9,30000,3,-7.00978946685791,-3.999155044555664,False
The Man in Half Moon Street,director,mid,9,40000,5,-6.829330921173096,-4.346360206604004,False
The Man in Half Moon Street,director,mid,9,50000,5,-6.3585004806518555,-4.050680637359619,False
The Man in Half Moon Street,director,mid,9,60000,6,-6.346078395843506,-3.5848782062530518,False
The Man in Half Moon Street,director,mid,9,70000,8,-5.838533401489258,-4.219040870666504,False
The Man in Half Moon Street,director,mid,9,80000,8,-5.793302536010742,-3.537263870239258,False
The Man in Half Moon Street,director,mid,9,90000,9,-5.79176139831543,-3.93745756149292,False
The Man in Half Moon Street,director,mid,9,100000,9,-6.155278205871582,-3.4103915691375732,False
The Man in Half Moon Street,director,mid,9,109672,9,-6.295224189758301,-3.4956047534942627,False
Them or Us,producer,mid,16,0,0,-11.758368492126465,-11.385498046875,False
Them or Us,producer,mid,16,10000,1,-4.117433071136475,-4.978218078613281,True
Them or Us,producer,mid,16,20000,1,-3.934319496154785,-6.243286609649658,True
Them or Us,producer,mid,16,30000,2,-3.3687856197357178,-5.3226318359375,True
Them or Us,producer,mid,16,40000,4,-4.184228897094727,-5.626996994018555,True
Them or Us,producer,mid,16,50000,5,-3.8772220611572266,-6.175354957580566,True
Them or Us,producer,mid,16,60000,5,-3.091073989868164,-6.587942123413086,True
Them or Us,producer,mid,16,70000,8,-3.382939100265503,-6.475412845611572,True
Them or Us,producer,mid,16,80000,12,-3.1238973140716553,-6.144789218902588,True
Them or Us,producer,mid,16,90000,13,-3.531412363052368,-5.806979656219482,True
Them or Us,producer,mid,16,100000,15,-3.2535579204559326,-5.49004602432251,True
Them or Us,producer,mid,16,109672,16,-3.3855230808258057,-5.044876575469971,True
May,screenwriter,mid,19,0,0,-11.698121070861816,-11.322453498840332,False
May,screenwriter,mid,19,10000,1,-8.394021034240723,-2.9132118225097656,False
May,screenwriter,mid,19,20000,2,-6.870131015777588,-3.307673454284668,False
May,screenwriter,mid,19,30000,3,-6.476704120635986,-2.9871551990509033,False
May,screenwriter,mid,19,40000,7,-7.221820831298828,-2.8419201374053955,False
May,screenwriter,mid,19,50000,10,-5.307938098907471,-2.696866273880005,False
May,screenwriter,mid,19,60000,12,-5.8569793701171875,-2.810673475265503,False
May,screenwriter,mid,19,70000,13,-5.799037933349609,-2.2941198348999023,False
May,screenwriter,mid,19,80000,15,-4.840202808380127,-1.963563323020935,False
May,screenwriter,mid,19,90000,18,-4.821665287017822,-2.458237886428833,False
May,screenwriter,mid,19,100000,18,-5.118999004364014,-2.241990566253662,False
May,screenwriter,mid,19,109672,19,-4.681637287139893,-2.6375482082366943,False
Army Daze,screenwriter,mid,14,0,0,-12.05273723602295,-11.496469497680664,False
Army Daze,screenwriter,mid,14,10000,1,-5.11359167098999,-3.3442788124084473,False
Army Daze,screenwriter,mid,14,20000,1,-4.628223419189453,-3.4007303714752197,False
Army Daze,screenwriter,mid,14,30000,3,-5.550086975097656,-2.693063735961914,False
Army Daze,screenwriter,mid,14,40000,3,-5.737346649169922,-2.8988866806030273,False
Army Daze,screenwriter,mid,14,50000,4,-6.1073899269104,-2.917672634124756,False
Army Daze,screenwriter,mid,14,60000,6,-5.346569538116455,-2.5706417560577393,False
Army Daze,screenwriter,mid,14,70000,8,-5.072977066040039,-2.6003870964050293,False
Army Daze,screenwriter,mid,14,80000,10,-5.344908237457275,-2.604891061782837,False
Army Daze,screenwriter,mid,14,90000,14,-5.624054431915283,-3.00793194770813,False
Army Daze,screenwriter,mid,14,100000,14,-5.3570990562438965,-2.4638285636901855,False
Army Daze,screenwriter,mid,14,109672,14,-5.495871067047119,-2.6489105224609375,False
Città violenta,director,mid,9,0,0,-11.745473861694336,-12.002907752990723,True
Città violenta,director,mid,9,10000,1,-5.5322794914245605,-4.998254299163818,False
Città violenta,director,mid,9,20000,1,-5.78568172454834,-5.255003929138184,False
Città violenta,director,mid,9,30000,1,-4.213123321533203,-4.667848587036133,True
Città violenta,director,mid,9,40000,4,-4.7000412940979,-5.3936991691589355,True
Città violenta,director,mid,9,50000,7,-3.576092004776001,-4.334824562072754,True
Città violenta,director,mid,9,60000,8,-3.4176383018493652,-4.494266510009766,True
Città violenta,director,mid,9,70000,9,-3.7612051963806152,-4.154708385467529,True
Città violenta,director,mid,9,80000,9,-4.205963611602783,-4.109473705291748,False
Città violenta,director,mid,9,90000,9,-2.996330738067627,-3.7281975746154785,True
Città violenta,director,mid,9,100000,9,-3.0940120220184326,-3.9303219318389893,True
Città violenta,director,mid,9,109672,9,-3.121703624725342,-3.8316657543182373,True
A Man and His Dog,screenwriter,mid,7,0,0,-11.668647766113281,-11.389893531799316,False
A Man and His Dog,screenwriter,mid,7,10000,0,-7.381793975830078,-4.8236470222473145,False
A Man and His Dog,screenwriter,mid,7,20000,1,-7.163315296173096,-3.7624599933624268,False
A Man and His Dog,screenwriter,mid,7,30000,1,-6.473775386810303,-3.9475982189178467,False
A Man and His Dog,screenwriter,mid,7,40000,3,-7.011880397796631,-3.6435718536376953,False
A Man and His Dog,screenwriter,mid,7,50000,3,-7.032057285308838,-2.923663854598999,False
A Man and His Dog,screenwriter,mid,7,60000,4,-4.636495113372803,-2.933319091796875,False
A Man and His Dog,screenwriter,mid,7,70000,4,-6.0372233390808105,-3.1240854263305664,False
A Man and His Dog,screenwriter,mid,7,80000,4,-5.526054382324219,-2.8596744537353516,False
A Man and His Dog,screenwriter,mid,7,90000,4,-6.296306610107422,-2.500598430633545,False
A Man and His Dog,screenwriter,mid,7,100000,5,-6.611629009246826,-2.6093876361846924,False
A Man and His Dog,screenwriter,mid,7,109672,7,-5.748622894287109,-2.5114994049072266,False
Balance,screenwriter,mid,7,0,0,-11.636072158813477,-11.165718078613281,False
Balance,screenwriter,mid,7,10000,0,-6.441298007965088,-5.6406378746032715,False
Balance,screenwriter,mid,7,20000,2,-6.00929069519043,-4.387722015380859,False
Balance,screenwriter,mid,7,30000,3,-5.369956970214844,-3.771129608154297,False
Balance,screenwriter,mid,7,40000,4,-6.409046173095703,-3.724307060241699,False
Balance,screenwriter,mid,7,50000,5,-6.173115253448486,-2.901620864868164,False
Balance,screenwriter,mid,7,60000,6,-5.489749908447266,-2.835500955581665,False
Balance,screenwriter,mid,7,70000,6,-5.58931827545166,-2.8471648693084717,False
Balance,screenwriter,mid,7,80000,7,-4.9068732261657715,-2.377150297164917,False
Balance,screenwriter,mid,7,90000,7,-5.534081935882568,-2.506852626800537,False
Balance,screenwriter,mid,7,100000,7,-5.068356037139893,-2.5117990970611572,False
Balance,screenwriter,mid,7,109672,7,-5.295136451721191,-2.4217236042022705,False
Brothers,screenwriter,mid,21,0,0,-12.138715744018555,-11.796294212341309,False
Brothers,screenwriter,mid,21,10000,3,-5.571114540100098,-5.156607151031494,False
Brothers,screenwriter,mid,21,20000,6,-4.851212501525879,-5.442324161529541,True
Brothers,screenwriter,mid,21,30000,7,-4.881363868713379,-4.592383861541748,False
Brothers,screenwriter,mid,21,40000,8,-4.54987907409668,-4.845417022705078,True
Brothers,screenwriter,mid,21,50000,8,-4.536770820617676,-4.756409168243408,True
Brothers,screenwriter,mid,21,60000,10,-4.295432090759277,-4.092868804931641,False
Brothers,screenwriter,mid,21,70000,11,-4.03520393371582,-3.399768114089966,False
Brothers,screenwriter,mid,21,80000,11,-3.8270857334136963,-2.666991710662842,False
Brothers,screenwriter,mid,21,90000,16,-3.8652231693267822,-4.144811630249023,True
Brothers,screenwriter,mid,21,100000,17,-3.50819993019104,-2.819568157196045,False
Brothers,screenwriter,mid,21,109672,21,-3.9140632152557373,-3.2652175426483154,False
Delete Yourself!,genre,mid,7,0,0,-11.674537658691406,-11.496631622314453,False
Delete Yourself!,genre,mid,7,10000,2,-10.043951034545898,-6.696586608886719,False
Delete Yourself!,genre,mid,7,20000,2,-7.663989067077637,-6.32800817489624,False
Delete Yourself!,genre,mid,7,30000,3,-7.85616397857666,-6.433548927307129,False
Delete Yourself!,genre,mid,7,40000,3,-8.088973999023438,-6.880068302154541,False
Delete Yourself!,genre,mid,7,50000,4,-8.620664596557617,-6.038607597351074,False
Delete Yourself!,genre,mid,7,60000,5,-6.810725688934326,-6.779379844665527,False
Delete Yourself!,genre,mid,7,70000,5,-6.205096244812012,-6.132370471954346,False
Delete Yourself!,genre,mid,7,80000,5,-6.631166934967041,-6.928691864013672,True
Delete Yourself!,genre,mid,7,90000,5,-6.312925338745117,-5.998191833496094,False
Delete Yourself!,genre,mid,7,100000,7,-6.7350921630859375,-6.438236713409424,False
Delete Yourself!,genre,mid,7,109672,7,-6.378349304199219,-6.761971950531006,True
Anna,director,mid,10,0,0,-11.786636352539062,-11.419147491455078,False
Anna,director,mid,10,10000,1,-6.804155349731445,-4.456352233886719,False
Anna,director,mid,10,20000,2,-7.276349067687988,-5.299340724945068,False
Anna,director,mid,10,30000,2,-4.992874622344971,-4.212026119232178,False
Anna,director,mid,10,40000,2,-5.496674060821533,-4.038577079772949,False
Anna,director,mid,10,50000,2,-3.2044930458068848,-4.557164192199707,True
Anna,director,mid,10,60000,6,-5.226025104522705,-4.06857442855835,False
Anna,director,mid,10,70000,8,-4.265626907348633,-4.8588643074035645,True
Anna,director,mid,10,80000,8,-4.292099952697754,-3.825208902359009,False
Anna,director,mid,10,90000,9,-3.6829440593719482,-3.6844005584716797,True
Anna,director,mid,10,100000,10,-3.6360421180725098,-4.114769458770752,True
Anna,director,mid,10,109672,10,-4.287121295928955,-4.171807765960693,False
Nicholas I of Bohemia,father,mid,15,0,0,-11.281672477722168,-11.336641311645508,True
Nicholas I of Bohemia,father,mid,15,10000,3,-1.846344232559204,-9.741747856140137,True
Nicholas I of Bohemia,father,mid,15,20000,3,-1.6031856536865234,-9.255863189697266,True
Nicholas I of Bohemia,father,mid,15,30000,3,-1.238256573677063,-8.293923377990723,True
Nicholas I of Bohemia,father,mid,15,40000,4,-1.2169948816299438,-9.1036376953125,True
Nicholas I of Bohemia,father,mid,15,50000,5,-1.3561760187149048,-8.746479034423828,True
Nicholas I of Bohemia,father,mid,15,60000,7,-1.4929882287979126,-8.667285919189453,True
Nicholas I of Bohemia,father,mid,15,70000,11,-1.550073266029358,-8.454326629638672,True
Nicholas I of Bohemia,father,mid,15,80000,11,-1.1474519968032837,-6.590388298034668,True
Nicholas I of Bohemia,father,mid,15,90000,13,-0.8950996994972229,-6.255195140838623,True
Nicholas I of Bohemia,father,mid,15,100000,14,-1.1959244012832642,-5.993926048278809,True
Nicholas I of Bohemia,father,mid,15,109672,15,-1.0974491834640503,-6.239053726196289,True
Choke,screenwriter,mid,13,0,0,-11.627023696899414,-12.091663360595703,True
Choke,screenwriter,mid,13,10000,2,-6.994154930114746,-7.317318439483643,True
Choke,screenwriter,mid,13,20000,4,-4.652174472808838,-7.593746185302734,True
Choke,screenwriter,mid,13,30000,5,-6.4156036376953125,-7.544765949249268,True
Choke,screenwriter,mid,13,40000,7,-4.250875949859619,-7.331056594848633,True
Choke,screenwriter,mid,13,50000,8,-3.434451103210449,-7.645669460296631,True
Choke,screenwriter,mid,13,60000,8,-4.10780143737793,-5.794588565826416,True
Choke,screenwriter,mid,13,70000,9,-4.198860168457031,-7.090311527252197,True
Choke,screenwriter,mid,13,80000,11,-3.684384822845459,-6.568803787231445,True
Choke,screenwriter,mid,13,90000,12,-4.315785884857178,-5.852169990539551,True
Choke,screenwriter,mid,13,100000,13,-3.4200098514556885,-5.977728843688965,True
Choke,screenwriter,mid,13,109672,13,-3.5775017738342285,-5.888490676879883,True
Exam,screenwriter,mid,13,0,0,-12.182722091674805,-11.85147762298584,False
Exam,screenwriter,mid,13,10000,0,-5.160656929016113,-7.962613582611084,True
Exam,screenwriter,mid,13,20000,1,-4.692793846130371,-5.900506973266602,True
Exam,screenwriter,mid,13,30000,4,-4.7323899269104,-4.671602725982666,False
Exam,screenwriter,mid,13,40000,4,-4.142481803894043,-4.537373065948486,True
Exam,screenwriter,mid,13,50000,6,-4.1907782554626465,-5.287997245788574,True
Exam,screenwriter,mid,13,60000,7,-4.963412761688232,-4.309913158416748,False
Exam,screenwriter,mid,13,70000,8,-4.973288059234619,-5.233325004577637,True
Exam,screenwriter,mid,13,80000,12,-4.374234676361084,-4.547837734222412,True
Exam,screenwriter,mid,13,90000,12,-4.6086812019348145,-4.839443206787109,True
Exam,screenwriter,mid,13,100000,12,-4.174553394317627,-4.375798225402832,True
Exam,screenwriter,mid,13,109672,13,-3.748807191848755,-4.507233619689941,True
The Switch,director,high,22,0,0,-12.348505973815918,-11.343236923217773,False
The Switch,director,high,22,10000,1,-8.169380187988281,-5.50949764251709,False
The Switch,director,high,22,20000,2,-6.75786018371582,-5.042499542236328,False
The Switch,director,high,22,30000,3,-7.414284706115723,-4.046135425567627,False
The Switch,director,high,22,40000,5,-7.019406318664551,-4.762116432189941,False
The Switch,director,high,22,50000,5,-8.268731117248535,-4.09495735168457,False
The Switch,director,high,22,60000,8,-7.3384785652160645,-4.33258056640625,False
The Switch,director,high,22,70000,11,-6.743396759033203,-3.8394699096679688,False
The Switch,director,high,22,80000,16,-6.1541619300842285,-3.405360460281372,False
The Switch,director,high,22,90000,16,-6.772139549255371,-3.981388807296753,False
The Switch,director,high,22,100000,18,-6.690864086151123,-3.5721888542175293,False
The Switch,director,high,22,109672,22,-6.846258640289307,-3.6154847145080566,False
Sahibzada Jujhar Singh,father,high,24,0,0,-11.44462776184082,-11.629610061645508,True
Sahibzada Jujhar Singh,father,high,24,10000,3,-3.0578999519348145,-3.1518921852111816,True
Sahibzada Jujhar Singh,father,high,24,20000,3,-2.158919095993042,-2.72967267036438,True
Sahibzada Jujhar Singh,father,high,24,30000,6,-1.5999399423599243,-2.715733051300049,True
Sahibzada Jujhar Singh,father,high,24,40000,7,-1.7702629566192627,-2.376033067703247,True
Sahibzada Jujhar Singh,father,high,24,50000,8,-1.8285804986953735,-2.081814765930176,True
Sahibzada Jujhar Singh,father,high,24,60000,9,-2.005873203277588,-2.36977219581604,True
Sahibzada Jujhar Singh,father,high,24,70000,11,-1.7503474950790405,-1.7977231740951538,True
Sahibzada Jujhar Singh,father,high,24,80000,14,-1.5788600444793701,-2.190044641494751,True
Sahibzada Jujhar Singh,father,high,24,90000,17,-1.513383150100708,-2.047147274017334,True
Sahibzada Jujhar Singh,father,high,24,100000,20,-1.4976990222930908,-1.9577378034591675,True
Sahibzada Jujhar Singh,father,high,24,109672,24,-1.4584438800811768,-1.931596279144287,True
The Departed,producer,high,205,0,0,-12.300439834594727,-11.372160911560059,False
The Departed,producer,high,205,10000,13,-5.686678409576416,-6.081616401672363,True
The Departed,producer,high,205,20000,36,-5.3875932693481445,-4.184553623199463,False
The Departed,producer,high,205,30000,54,-5.870896816253662,-2.962815761566162,False
The Departed,producer,high,205,40000,76,-5.647902488708496,-3.1438801288604736,False
The Departed,producer,high,205,50000,99,-5.812978744506836,-4.20365047454834,False
The Departed,producer,high,205,60000,115,-5.622223854064941,-2.993759870529175,False
The Departed,producer,high,205,70000,137,-6.005163192749023,-3.2920165061950684,False
The Departed,producer,high,205,80000,152,-4.72283411026001,-2.346451997756958,False
The Departed,producer,high,205,90000,171,-5.021394729614258,-2.7042253017425537,False
The Departed,producer,high,205,100000,185,-5.076454162597656,-2.595576286315918,False
The Departed,producer,high,205,109672,205,-4.769798755645752,-2.7832791805267334,False
Antalya,capital of,high,1669,0,0,-11.315838813781738,-10.726263999938965,False
Antalya,capital of,high,1669,10000,164,-1.2126388549804688,-5.709097385406494,True
Antalya,capital of,high,1669,20000,300,-1.4976800680160522,-4.752063751220703,True
Antalya,capital of,high,1669,30000,442,-1.1278705596923828,-3.0203139781951904,True
Antalya,capital of,high,1669,40000,583,-0.9141361713409424,-3.780644655227661,True
Antalya,capital of,high,1669,50000,769,-0.8563390374183655,-3.8655316829681396,True
Antalya,capital of,high,1669,60000,929,-0.6733067035675049,-2.9276516437530518,True
Antalya,capital of,high,1669,70000,1058,-0.6813621520996094,-3.2703731060028076,True
Antalya,capital of,high,1669,80000,1205,-0.9766016006469727,-4.37687873840332,True
Antalya,capital of,high,1669,90000,1369,-0.946323037147522,-5.2509613037109375,True
Antalya,capital of,high,1669,100000,1532,-0.6911855340003967,-4.545449733734131,True
Antalya,capital of,high,1669,109672,1667,-0.7279893159866333,-4.660722255706787,True
MASH,screenwriter,high,165,0,0,-12.18554401397705,-11.831363677978516,False
MASH,screenwriter,high,165,10000,13,-6.673252582550049,-7.246896743774414,True
MASH,screenwriter,high,165,20000,31,-4.748956203460693,-6.247068405151367,True
MASH,screenwriter,high,165,30000,40,-5.472794532775879,-4.229489803314209,False
MASH,screenwriter,high,165,40000,55,-4.662417411804199,-3.8511064052581787,False
MASH,screenwriter,high,165,50000,67,-5.0839924812316895,-3.668473243713379,False
MASH,screenwriter,high,165,60000,88,-3.7539331912994385,-3.285066604614258,False
MASH,screenwriter,high,165,70000,97,-3.801739454269409,-3.524797201156616,False
MASH,screenwriter,high,165,80000,112,-3.754002809524536,-3.6447269916534424,False
MASH,screenwriter,high,165,90000,135,-4.0524396896362305,-3.3101155757904053,False
MASH,screenwriter,high,165,100000,147,-3.49396014213562,-2.9553146362304688,False
MASH,screenwriter,high,165,109672,165,-3.9348554611206055,-2.958854913711548,False
Gotti,director,high,28,0,0,-11.638821601867676,-11.82296371459961,True
Gotti,director,high,28,10000,4,-8.095685958862305,-4.528831481933594,False
Gotti,director,high,28,20000,5,-8.207229614257812,-4.4231648445129395,False
Gotti,director,high,28,30000,7,-9.076166152954102,-3.339463710784912,False
Gotti,director,high,28,40000,11,-9.550989151000977,-4.247802734375,False
Gotti,director,high,28,50000,12,-8.043207168579102,-3.5163612365722656,False
Gotti,director,high,28,60000,14,-7.753783226013184,-4.132110118865967,False
Gotti,director,high,28,70000,19,-7.553536891937256,-3.894199848175049,False
Gotti,director,high,28,80000,22,-7.676507472991943,-3.442718029022217,False
Gotti,director,high,28,90000,25,-7.496868133544922,-3.6789231300354004,False
Gotti,director,high,28,100000,27,-6.960212707519531,-3.4584100246429443,False
Gotti,director,high,28,109672,28,-6.636655807495117,-4.114224910736084,False
The Giver,screenwriter,high,26,0,0,-11.125073432922363,-11.851644515991211,True
The Giver,screenwriter,high,26,10000,4,-5.635921478271484,-5.923240661621094,True
The Giver,screenwriter,high,26,20000,5,-5.585991382598877,-6.565023899078369,True
The Giver,screenwriter,high,26,30000,7,-6.204216003417969,-4.902978897094727,False
The Giver,screenwriter,high,26,40000,10,-6.262369632720947,-5.360507965087891,False
The Giver,screenwriter,high,26,50000,13,-5.354007244110107,-4.793447971343994,False
The Giver,screenwriter,high,26,60000,17,-4.373124599456787,-5.427557468414307,True
The Giver,screenwriter,high,26,70000,18,-4.899943828582764,-4.193841457366943,False
The Giver,screenwriter,high,26,80000,19,-4.816291332244873,-4.506439685821533,False
The Giver,screenwriter,high,26,90000,20,-4.83419132232666,-4.603400707244873,False
The Giver,screenwriter,high,26,100000,22,-4.263360500335693,-4.430387496948242,True
The Giver,screenwriter,high,26,109672,26,-4.481808185577393,-4.374566555023193,False
Smart People,screenwriter,high,26,0,0,-12.258818626403809,-11.611248970031738,False
Smart People,screenwriter,high,26,10000,4,-4.931004524230957,-4.709503173828125,False
Smart People,screenwriter,high,26,20000,8,-4.607458591461182,-4.43731164932251,False
Smart People,screenwriter,high,26,30000,8,-4.909974098205566,-3.8003780841827393,False
Smart People,screenwriter,high,26,40000,11,-4.3834710121154785,-4.090548515319824,False
Smart People,screenwriter,high,26,50000,12,-4.229156494140625,-3.02140736579895,False
Smart People,screenwriter,high,26,60000,14,-4.716143608093262,-4.20607328414917,False
Smart People,screenwriter,high,26,70000,17,-4.414112091064453,-3.847432851791382,False
Smart People,screenwriter,high,26,80000,18,-4.149724006652832,-3.0046908855438232,False
Smart People,screenwriter,high,26,90000,21,-3.9371347427368164,-2.6510984897613525,False
Smart People,screenwriter,high,26,100000,25,-3.68951416015625,-2.7092697620391846,False
Smart People,screenwriter,high,26,109672,26,-3.7558071613311768,-3.216310501098633,False
Saturday Night,composer,high,33,0,0,-10.598252296447754,-11.530851364135742,True
Saturday Night,composer,high,33,10000,4,-3.971576452255249,-4.96239709854126,True
Saturday Night,composer,high,33,20000,8,-3.3288793563842773,-3.655629873275757,True
Saturday Night,composer,high,33,30000,10,-3.2363712787628174,-3.407153367996216,True
Saturday Night,composer,high,33,40000,11,-2.7020347118377686,-4.712245941162109,True
Saturday Night,composer,high,33,50000,14,-3.3436310291290283,-3.6765336990356445,True
Saturday Night,composer,high,33,60000,16,-2.9637060165405273,-3.7213501930236816,True
Saturday Night,composer,high,33,70000,18,-2.644273519515991,-3.77959942817688,True
Saturday Night,composer,high,33,80000,23,-2.4096667766571045,-3.707981586456299,True
Saturday Night,composer,high,33,90000,25,-2.7496395111083984,-3.11307954788208,True
Saturday Night,composer,high,33,100000,30,-2.9082605838775635,-4.122519493103027,True
Saturday Night,composer,high,33,109672,33,-2.939358949661255,-3.510348081588745,True
The General,screenwriter,high,53,0,0,-11.541953086853027,-11.597079277038574,True
The General,screenwriter,high,53,10000,4,-4.259872913360596,-5.453092575073242,True
The General,screenwriter,high,53,20000,10,-4.539519786834717,-5.283865451812744,True
The General,screenwriter,high,53,30000,16,-3.9741032123565674,-5.1136698722839355,True
The General,screenwriter,high,53,40000,20,-5.368565082550049,-4.941932678222656,False
The General,screenwriter,high,53,50000,24,-4.5795698165893555,-5.317778587341309,True
The General,screenwriter,high,53,60000,26,-3.5032026767730713,-4.228092670440674,True
The General,screenwriter,high,53,70000,28,-3.8526875972747803,-4.017220973968506,True
The General,screenwriter,high,53,80000,34,-3.7209904193878174,-3.546915054321289,False
The General,screenwriter,high,53,90000,40,-4.019137859344482,-2.970531702041626,False
The General,screenwriter,high,53,100000,46,-3.931837320327759,-2.6222612857818604,False
The General,screenwriter,high,53,109672,53,-4.040231704711914,-2.5845909118652344,False
Abu Abdallah Mohammed II Saadi,father,high,31,0,0,-11.735224723815918,-11.746915817260742,True
Abu Abdallah Mohammed II Saadi,father,high,31,10000,3,-3.2787933349609375,-4.176555156707764,True
Abu Abdallah Mohammed II Saadi,father,high,31,20000,5,-3.0151302814483643,-3.164804220199585,True
Abu Abdallah Mohammed II Saadi,father,high,31,30000,8,-2.5874745845794678,-3.555790662765503,True
Abu Abdallah Mohammed II Saadi,father,high,31,40000,8,-2.3516342639923096,-3.1427230834960938,True
Abu Abdallah Mohammed II Saadi,father,high,31,50000,11,-2.9617726802825928,-3.8386666774749756,True
Abu Abdallah Mohammed II Saadi,father,high,31,60000,15,-2.6950643062591553,-3.178800582885742,True
Abu Abdallah Mohammed II Saadi,father,high,31,70000,16,-2.475324869155884,-3.317553997039795,True
Abu Abdallah Mohammed II Saadi,father,high,31,80000,20,-2.502962827682495,-3.1877541542053223,True
Abu Abdallah Mohammed II Saadi,father,high,31,90000,26,-1.692417025566101,-3.630634307861328,True
Abu Abdallah Mohammed II Saadi,father,high,31,100000,30,-1.7943683862686157,-3.7188820838928223,True
Abu Abdallah Mohammed II Saadi,father,high,31,109672,31,-1.7120379209518433,-3.815347909927368,True
Princess Marie Adélaïde of France,father,high,61,0,0,-11.652527809143066,-11.534613609313965,False
Princess Marie Adélaïde of France,father,high,61,10000,10,-2.888967752456665,-3.7858431339263916,True
Princess Marie Adélaïde of France,father,high,61,20000,15,-2.300848960876465,-2.9480063915252686,True
Princess Marie Adélaïde of France,father,high,61,30000,23,-3.941244125366211,-2.3912999629974365,False
Princess Marie Adélaïde of France,father,high,61,40000,27,-1.7582736015319824,-2.4934322834014893,True
Princess Marie Adélaïde of France,father,high,61,50000,29,-2.5930838584899902,-3.119640588760376,True
Princess Marie Adélaïde of France,father,high,61,60000,35,-2.299258232116699,-2.9327266216278076,True
Princess Marie Adélaïde of France,father,high,61,70000,41,-3.233672857284546,-3.5107004642486572,True
Princess Marie Adélaïde of France,father,high,61,80000,46,-2.7338380813598633,-2.5490782260894775,False
Princess Marie Adélaïde of France,father,high,61,90000,50,-2.0993385314941406,-2.5739314556121826,True
Princess Marie Adélaïde of France,father,high,61,100000,56,-2.378742218017578,-2.4065511226654053,True
Princess Marie Adélaïde of France,father,high,61,109672,61,-1.9946541786193848,-2.5821475982666016,True
On the Town,producer,high,78,0,0,-11.953883171081543,-11.390761375427246,False
On the Town,producer,high,78,10000,4,-7.00451135635376,-7.597747802734375,True
On the Town,producer,high,78,20000,10,-5.734626770019531,-8.406052589416504,True
On the Town,producer,high,78,30000,17,-6.19581413269043,-6.621673583984375,True
On the Town,producer,high,78,40000,21,-5.746395587921143,-7.606667518615723,True
On the Town,producer,high,78,50000,31,-5.680023193359375,-5.892743110656738,True
On the Town,producer,high,78,60000,37,-4.979801177978516,-6.850190162658691,True
On the Town,producer,high,78,70000,42,-5.744314670562744,-6.420766830444336,True
On the Town,producer,high,78,80000,49,-5.625009536743164,-6.029069423675537,True
On the Town,producer,high,78,90000,59,-4.795802593231201,-6.657482147216797,True
On the Town,producer,high,78,100000,69,-4.795363903045654,-6.7325215339660645,True
On the Town,producer,high,78,109672,78,-4.425039768218994,-6.1114325523376465,True
The Kid,composer,high,74,0,0,-11.401196479797363,-11.399280548095703,False
The Kid,composer,high,74,10000,6,-4.733120918273926,-5.606078147888184,True
The Kid,composer,high,74,20000,12,-4.386407375335693,-5.377086162567139,True
The Kid,composer,high,74,30000,17,-3.390047788619995,-3.505807399749756,True
The Kid,composer,high,74,40000,24,-4.444142818450928,-5.3801422119140625,True
The Kid,composer,high,74,50000,27,-3.8653361797332764,-4.566563606262207,True
The Kid,composer,high,74,60000,31,-3.458028793334961,-3.768803834915161,True
The Kid,composer,high,74,70000,40,-3.5835039615631104,-3.8491408824920654,True
The Kid,composer,high,74,80000,50,-4.661221504211426,-4.1943440437316895,False
The Kid,composer,high,74,90000,58,-4.025029182434082,-4.197849273681641,True
The Kid,composer,high,74,100000,66,-3.3994781970977783,-4.121925354003906,True
The Kid,composer,high,74,109672,74,-3.783604860305786,-4.393961429595947,True
Going Up,composer,high,40,0,0,-11.91652774810791,-11.756299018859863,False
Going Up,composer,high,40,10000,3,-5.266149997711182,-5.679859638214111,True
Going Up,composer,high,40,20000,5,-6.076381683349609,-4.781980037689209,False
Going Up,composer,high,40,30000,10,-5.6389241218566895,-3.5643155574798584,False
Going Up,composer,high,40,40000,12,-6.507017612457275,-4.137712001800537,False
Going Up,composer,high,40,50000,15,-5.774772644042969,-3.856093645095825,False
Going Up,composer,high,40,60000,17,-5.356012344360352,-4.170286655426025,False
Going Up,composer,high,40,70000,21,-5.4127936363220215,-4.361326694488525,False
Going Up,composer,high,40,80000,25,-4.890805244445801,-4.355978488922119,False
Going Up,composer,high,40,90000,29,-5.900885105133057,-4.524519920349121,False
Going Up,composer,high,40,100000,35,-5.317028045654297,-4.243007183074951,False
Going Up,composer,high,40,109672,40,-4.477749824523926,-4.3719892501831055,False
A Little Night Music,composer,high,300,0,0,-11.01390552520752,-11.461084365844727,True
A Little Night Music,composer,high,300,10000,25,-3.265305757522583,-4.419528007507324,True
A Little Night Music,composer,high,300,20000,54,-3.734015464782715,-6.211864471435547,True
A Little Night Music,composer,high,300,30000,83,-3.5731449127197266,-5.711606025695801,True
A Little Night Music,composer,high,300,40000,114,-3.757422685623169,-5.934962272644043,True
A Little Night Music,composer,high,300,50000,146,-3.6449368000030518,-5.717784881591797,True
A Little Night Music,composer,high,300,60000,170,-3.629913091659546,-5.410891056060791,True
A Little Night Music,composer,high,300,70000,187,-2.9644858837127686,-5.752485752105713,True
A Little Night Music,composer,high,300,80000,209,-3.2876386642456055,-5.580785274505615,True
A Little Night Music,composer,high,300,90000,246,-2.93562912940979,-5.164891242980957,True
A Little Night Music,composer,high,300,100000,269,-3.173846483230591,-5.362334728240967,True
A Little Night Music,composer,high,300,109672,300,-3.1285383701324463,-5.657839775085449,True
Ronneby,capital of,high,91,0,0,-12.120779037475586,-11.534220695495605,False
Ronneby,capital of,high,91,10000,10,-3.9040603637695312,-4.675673007965088,True
Ronneby,capital of,high,91,20000,15,-3.152495861053467,-5.686327934265137,True
Ronneby,capital of,high,91,30000,23,-2.0610556602478027,-6.484561920166016,True
Ronneby,capital of,high,91,40000,29,-2.8968663215637207,-5.374919414520264,True
Ronneby,capital of,high,91,50000,37,-2.2085883617401123,-7.1016411781311035,True
Ronneby,capital of,high,91,60000,49,-2.2550199031829834,-6.31041145324707,True
Ronneby,capital of,high,91,70000,56,-2.0669567584991455,-6.0635480880737305,True
Ronneby,capital of,high,91,80000,63,-1.9160611629486084,-7.139416694641113,True
Ronneby,capital of,high,91,90000,74,-1.8125721216201782,-7.161774635314941,True
Ronneby,capital of,high,91,100000,84,-1.9388487339019775,-7.539130210876465,True
Ronneby,capital of,high,91,109672,91,-1.790783166885376,-7.053297519683838,True
Monuments Men,screenwriter,high,70,0,0,-11.962260246276855,-11.381142616271973,False
Monuments Men,screenwriter,high,70,10000,2,-4.243077754974365,-5.286363124847412,True
Monuments Men,screenwriter,high,70,20000,7,-4.25875186920166,-4.978987216949463,True
Monuments Men,screenwriter,high,70,30000,12,-3.9966390132904053,-5.145484447479248,True
Monuments Men,screenwriter,high,70,40000,15,-5.7219109535217285,-4.832540988922119,False
Monuments Men,screenwriter,high,70,50000,21,-4.233719348907471,-4.61853551864624,True
Monuments Men,screenwriter,high,70,60000,28,-4.024322986602783,-4.701884746551514,True
Monuments Men,screenwriter,high,70,70000,40,-3.603806495666504,-4.078900337219238,True
Monuments Men,screenwriter,high,70,80000,48,-3.6557905673980713,-4.277694225311279,True
Monuments Men,screenwriter,high,70,90000,58,-4.041639804840088,-3.500209093093872,False
Monuments Men,screenwriter,high,70,100000,65,-3.975292205810547,-3.6215059757232666,False
Monuments Men,screenwriter,high,70,109672,70,-3.899629592895508,-3.9845798015594482,True
A.I. Artificial Intelligence,screenwriter,high,128,0,0,-11.496698379516602,-11.333396911621094,False
A.I. Artificial Intelligence,screenwriter,high,128,10000,11,-6.69044303894043,-4.771754264831543,False
A.I. Artificial Intelligence,screenwriter,high,128,20000,20,-6.681771278381348,-5.283825397491455,False
A.I. Artificial Intelligence,screenwriter,high,128,30000,32,-5.636808395385742,-4.519507884979248,False
A.I. Artificial Intelligence,screenwriter,high,128,40000,46,-6.777654647827148,-4.264374732971191,False
A.I. Artificial Intelligence,screenwriter,high,128,50000,65,-6.59214973449707,-5.328022003173828,False
A.I. Artificial Intelligence,screenwriter,high,128,60000,79,-5.92039680480957,-3.664013624191284,False
A.I. Artificial Intelligence,screenwriter,high,128,70000,86,-5.912123680114746,-4.339325904846191,False
A.I. Artificial Intelligence,screenwriter,high,128,80000,95,-5.773776054382324,-4.646152496337891,False
A.I. Artificial Intelligence,screenwriter,high,128,90000,109,-5.586757659912109,-4.167664051055908,False
A.I. Artificial Intelligence,screenwriter,high,128,100000,121,-5.702221393585205,-4.15935754776001,False
A.I. Artificial Intelligence,screenwriter,high,128,109672,128,-4.550195217132568,-4.39300537109375,False
Tool,genre,high,744,0,0,-11.783658027648926,-11.709503173828125,False
Tool,genre,high,744,10000,60,-6.378994464874268,-6.001280784606934,False
Tool,genre,high,744,20000,133,-6.954346179962158,-6.5653181076049805,False
Tool,genre,high,744,30000,198,-6.333011627197266,-5.074234485626221,False
Tool,genre,high,744,40000,264,-6.422637939453125,-4.876487731933594,False
Tool,genre,high,744,50000,328,-7.459273338317871,-5.5513505935668945,False
Tool,genre,high,744,60000,395,-5.6661529541015625,-4.568470478057861,False
Tool,genre,high,744,70000,463,-5.450259208679199,-4.418460845947266,False
Tool,genre,high,744,80000,532,-6.565402984619141,-5.948892116546631,False
Tool,genre,high,744,90000,601,-5.67934513092041,-5.1610212326049805,False
Tool,genre,high,744,100000,672,-5.631802558898926,-5.191755294799805,False
Tool,genre,high,744,109672,742,-4.9398112297058105,-5.050515651702881,True
A.I. Artificial Intelligence,director,high,128,0,0,-11.881214141845703,-10.525105476379395,False
A.I. Artificial Intelligence,director,high,128,10000,11,-6.193602085113525,-5.35820198059082,False
A.I. Artificial Intelligence,director,high,128,20000,20,-6.206214904785156,-5.203071594238281,False
A.I. Artificial Intelligence,director,high,128,30000,32,-4.935571670532227,-5.064486026763916,True
A.I. Artificial Intelligence,director,high,128,40000,46,-3.841543674468994,-4.304513454437256,True
A.I. Artificial Intelligence,director,high,128,50000,65,-4.025676727294922,-4.785303592681885,True
A.I. Artificial Intelligence,director,high,128,60000,79,-5.997723579406738,-4.592458248138428,False
A.I. Artificial Intelligence,director,high,128,70000,86,-5.866915225982666,-4.336127281188965,False
A.I. Artificial Intelligence,director,high,128,80000,95,-4.247343063354492,-4.523205280303955,True
A.I. Artificial Intelligence,director,high,128,90000,109,-3.9917118549346924,-4.559690952301025,True
A.I. Artificial Intelligence,director,high,128,100000,121,-4.092278480529785,-4.907509803771973,True
A.I. Artificial Intelligence,director,high,128,109672,128,-3.8427791595458984,-4.60496711730957,True
"Boleslaus III, Duke of Bohemia",father,high,32,0,0,-11.875954627990723,-11.729425430297852,False
"Boleslaus III, Duke of Bohemia",father,high,32,10000,1,-1.5606436729431152,-7.095106601715088,True
"Boleslaus III, Duke of Bohemia",father,high,32,20000,2,-1.0401148796081543,-7.197984218597412,True
"Boleslaus III, Duke of Bohemia",father,high,32,30000,2,-0.8200571537017822,-6.715388298034668,True
"Boleslaus III, Duke of Bohemia",father,high,32,40000,8,-0.8043257594108582,-6.639498233795166,True
"Boleslaus III, Duke of Bohemia",father,high,32,50000,15,-1.2966994047164917,-6.381438732147217,True
"Boleslaus III, Duke of Bohemia",father,high,32,60000,18,-1.3604897260665894,-5.036123752593994,True
"Boleslaus III, Duke of Bohemia",father,high,32,70000,19,-0.7386653423309326,-5.093532562255859,True
"Boleslaus III, Duke of Bohemia",father,high,32,80000,22,-0.817328691482544,-4.751850128173828,True
"Boleslaus III, Duke of Bohemia",father,high,32,90000,28,-0.8193452954292297,-4.030686378479004,True
"Boleslaus III, Duke of Bohemia",father,high,32,100000,30,-0.8372162580490112,-4.937472820281982,True
"Boleslaus III, Duke of Bohemia",father,high,32,109672,32,-0.9284700751304626,-3.9100308418273926,True
Scooby-Doo,screenwriter,high,105,0,0,-12.247443199157715,-11.517009735107422,False
Scooby-Doo,screenwriter,high,105,10000,11,-5.90435791015625,-6.104742527008057,True
Scooby-Doo,screenwriter,high,105,20000,17,-6.4961771965026855,-6.603837490081787,True
Scooby-Doo,screenwriter,high,105,30000,29,-6.000017166137695,-4.799927234649658,False
Scooby-Doo,screenwriter,high,105,40000,42,-4.757119178771973,-5.016868591308594,True
Scooby-Doo,screenwriter,high,105,50000,46,-4.553846836090088,-4.453406810760498,False
Scooby-Doo,screenwriter,high,105,60000,53,-4.620931625366211,-5.506163120269775,True
Scooby-Doo,screenwriter,high,105,70000,67,-4.380746364593506,-4.236150741577148,False
Scooby-Doo,screenwriter,high,105,80000,76,-4.385884761810303,-4.597707748413086,True
Scooby-Doo,screenwriter,high,105,90000,83,-4.726058006286621,-4.687036991119385,False
Scooby-Doo,screenwriter,high,105,100000,94,-5.553877830505371,-5.050320148468018,False
Scooby-Doo,screenwriter,high,105,109672,105,-4.775271892547607,-4.6142096519470215,False
Vision,father,high,370,0,0,-12.636174201965332,-11.30572509765625,False
Vision,father,high,370,10000,27,-8.981060981750488,-4.856787204742432,False
Vision,father,high,370,20000,64,-7.964417934417725,-3.7263994216918945,False
Vision,father,high,370,30000,101,-7.075812339782715,-3.6140170097351074,False
Vision,father,high,370,40000,130,-6.936097145080566,-3.1060681343078613,False
Vision,father,high,370,50000,162,-7.772389888763428,-3.9399518966674805,False
Vision,father,high,370,60000,194,-8.122568130493164,-3.91007661819458,False
Vision,father,high,370,70000,241,-8.296123504638672,-3.5071873664855957,False
Vision,father,high,370,80000,271,-7.635830879211426,-3.595576047897339,False
Vision,father,high,370,90000,296,-7.880817413330078,-3.310908317565918,False
Vision,father,high,370,100000,331,-7.542212963104248,-3.2536845207214355,False
Vision,father,high,370,109672,370,-7.934160232543945,-3.6004135608673096,False
The Kid,producer,high,74,0,0,-11.759979248046875,-11.634885787963867,False
The Kid,producer,high,74,10000,6,-4.590230941772461,-2.905931234359741,False
The Kid,producer,high,74,20000,12,-3.9997761249542236,-2.8123233318328857,False
The Kid,producer,high,74,30000,17,-2.712482452392578,-2.8953351974487305,True
The Kid,producer,high,74,40000,24,-3.64359188079834,-2.4724838733673096,False
The Kid,producer,high,74,50000,27,-3.215965986251831,-3.406863212585449,True
The Kid,producer,high,74,60000,31,-3.0348899364471436,-2.602241039276123,False
The Kid,producer,high,74,70000,40,-3.710393190383911,-2.6059350967407227,False
The Kid,producer,high,74,80000,50,-3.608773946762085,-2.8429059982299805,False
The Kid,producer,high,74,90000,58,-3.8551950454711914,-3.0431931018829346,False
The Kid,producer,high,74,100000,66,-2.948596954345703,-2.63588285446167,False
The Kid,producer,high,74,109672,74,-3.4347984790802,-2.6432600021362305,False
Another Year,composer,high,31,0,0,-11.970711708068848,-11.096973419189453,False
Another Year,composer,high,31,10000,1,-5.208049774169922,-4.278271198272705,False
Another Year,composer,high,31,20000,5,-6.462484836578369,-3.7321817874908447,False
Another Year,composer,high,31,30000,7,-6.616479396820068,-2.030458927154541,False
Another Year,composer,high,31,40000,7,-6.298252582550049,-2.5614895820617676,False
Another Year,composer,high,31,50000,11,-6.415756702423096,-3.1640427112579346,False
Another Year,composer,high,31,60000,12,-6.54354190826416,-2.286323308944702,False
Another Year,composer,high,31,70000,14,-6.038266658782959,-2.9205894470214844,False
Another Year,composer,high,31,80000,16,-6.353089332580566,-2.4144434928894043,False
Another Year,composer,high,31,90000,20,-6.85459566116333,-2.7599940299987793,False
Another Year,composer,high,31,100000,24,-6.708678245544434,-2.600145101547241,False
Another Year,composer,high,31,109672,31,-7.172398090362549,-2.6755433082580566,False
As It Is in Heaven,screenwriter,high,25,0,0,-11.500438690185547,-11.646631240844727,True
As It Is in Heaven,screenwriter,high,25,10000,2,-7.939796447753906,-6.671246528625488,False
As It Is in Heaven,screenwriter,high,25,20000,3,-6.833606243133545,-4.617599964141846,False
As It Is in Heaven,screenwriter,high,25,30000,8,-5.969756603240967,-5.077678680419922,False
As It Is in Heaven,screenwriter,high,25,40000,8,-7.7162251472473145,-5.766416072845459,False
As It Is in Heaven,screenwriter,high,25,50000,12,-6.964231491088867,-5.750673294067383,False
As It Is in Heaven,screenwriter,high,25,60000,18,-6.642874240875244,-4.953168869018555,False
As It Is in Heaven,screenwriter,high,25,70000,20,-6.315708160400391,-4.090219974517822,False
As It Is in Heaven,screenwriter,high,25,80000,22,-5.5959553718566895,-3.915172576904297,False
As It Is in Heaven,screenwriter,high,25,90000,23,-5.030369281768799,-4.490752220153809,False
As It Is in Heaven,screenwriter,high,25,100000,24,-4.822852611541748,-4.2835187911987305,False
As It Is in Heaven,screenwriter,high,25,109672,25,-4.795003414154053,-3.790475368499756,False
Little Black Book,director,high,23,0,0,-11.584063529968262,-12.280864715576172,True
Little Black Book,director,high,23,10000,1,-8.105411529541016,-5.7686991691589355,False
Little Black Book,director,high,23,20000,2,-6.894118785858154,-6.079221725463867,False
Little Black Book,director,high,23,30000,3,-7.240533351898193,-5.913816452026367,False
Little Black Book,director,high,23,40000,5,-7.177018642425537,-5.697165012359619,False
Little Black Book,director,high,23,50000,7,-6.776561260223389,-6.369198322296143,False
Little Black Book,director,high,23,60000,11,-6.396748065948486,-5.645455360412598,False
Little Black Book,director,high,23,70000,12,-6.5473480224609375,-5.667867183685303,False
Little Black Book,director,high,23,80000,16,-6.442309856414795,-5.042036533355713,False
Little Black Book,director,high,23,90000,19,-6.137418270111084,-5.489124298095703,False
Little Black Book,director,high,23,100000,21,-5.43864631652832,-5.206643104553223,False
Little Black Book,director,high,23,109672,23,-5.398840427398682,-4.595288276672363,False
Elizabeth,capital of,high,1279,0,1,-11.95804500579834,-11.153164863586426,False
Elizabeth,capital of,high,1279,10000,126,-4.253806114196777,-4.240367889404297,False
Elizabeth,capital of,high,1279,20000,246,-3.896151065826416,-5.06130313873291,True
Elizabeth,capital of,high,1279,30000,354,-4.269859313964844,-5.876406669616699,True
Elizabeth,capital of,high,1279,40000,493,-4.346990585327148,-3.5688438415527344,False
Elizabeth,capital of,high,1279,50000,612,-4.759027481079102,-6.170119285583496,True
Elizabeth,capital of,high,1279,60000,726,-4.260837078094482,-4.288558483123779,True
Elizabeth,capital of,high,1279,70000,829,-4.360927581787109,-5.3939738273620605,True
Elizabeth,capital of,high,1279,80000,954,-3.7916064262390137,-5.586496829986572,True
Elizabeth,capital of,high,1279,90000,1070,-3.688850164413452,-5.816647529602051,True
Elizabeth,capital of,high,1279,100000,1186,-4.246064186096191,-5.0957183837890625,True
Elizabeth,capital of,high,1279,109672,1279,-3.7101359367370605,-5.328214168548584,True
Forever Young,director,high,25,0,0,-12.41833782196045,-11.595253944396973,False
Forever Young,director,high,25,10000,2,-8.669665336608887,-4.215392112731934,False
Forever Young,director,high,25,20000,5,-7.764495849609375,-4.2931623458862305,False
Forever Young,director,high,25,30000,8,-7.125749588012695,-2.8901305198669434,False
Forever Young,director,high,25,40000,9,-7.93202018737793,-3.326857566833496,False
Forever Young,director,high,25,50000,11,-7.277656555175781,-2.458782196044922,False
Forever Young,director,high,25,60000,12,-7.161460876464844,-3.462825298309326,False
Forever Young,director,high,25,70000,14,-7.238597869873047,-1.9744584560394287,False
Forever Young,director,high,25,80000,15,-7.503364086151123,-2.1774299144744873,False
Forever Young,director,high,25,90000,17,-6.712160110473633,-2.238027334213257,False
Forever Young,director,high,25,100000,21,-6.536958694458008,-1.971700668334961,False
Forever Young,director,high,25,109672,25,-6.042654037475586,-2.107059955596924,False
Marathon,genre,high,42,0,0,-11.357172966003418,-12.109975814819336,True
Marathon,genre,high,42,10000,10,-6.214210510253906,-6.338309288024902,True
Marathon,genre,high,42,20000,16,-5.672120571136475,-6.2595014572143555,True
Marathon,genre,high,42,30000,17,-5.3354339599609375,-6.462937831878662,True
Marathon,genre,high,42,40000,22,-5.116727352142334,-6.764791965484619,True
Marathon,genre,high,42,50000,26,-4.056655406951904,-7.051466464996338,True
Marathon,genre,high,42,60000,30,-4.445667743682861,-6.401278495788574,True
Marathon,genre,high,42,70000,34,-5.383464336395264,-5.5532379150390625,True
Marathon,genre,high,42,80000,36,-4.495354652404785,-6.625879287719727,True
Marathon,genre,high,42,90000,37,-3.81229305267334,-6.241966247558594,True
Marathon,genre,high,42,100000,39,-4.414798259735107,-5.924625396728516,True
Marathon,genre,high,42,109672,42,-3.903001070022583,-6.433622360229492,True
Back to Black,producer,high,102,0,0,-11.463151931762695,-11.668649673461914,True
Back to Black,producer,high,102,10000,4,-5.893255233764648,-4.220335960388184,False
Back to Black,producer,high,102,20000,11,-4.204240798950195,-4.293848991394043,True
Back to Black,producer,high,102,30000,30,-3.251783609390259,-3.977933406829834,True
Back to Black,producer,high,102,40000,38,-4.32179069519043,-3.3326098918914795,False
Back to Black,producer,high,102,50000,45,-3.1879613399505615,-3.2610645294189453,True
Back to Black,producer,high,102,60000,56,-2.9509408473968506,-3.2269673347473145,True
Back to Black,producer,high,102,70000,67,-3.179870843887329,-3.0609726905822754,False
Back to Black,producer,high,102,80000,80,-3.928466796875,-3.1595427989959717,False
Back to Black,producer,high,102,90000,90,-3.8964974880218506,-3.200862169265747,False
Back to Black,producer,high,102,100000,95,-3.5727791786193848,-3.1295032501220703,False
Back to Black,producer,high,102,109672,102,-3.115633249282837,-2.755227565765381,False
Annie,director,high,63,0,0,-12.677210807800293,-11.703431129455566,False
Annie,director,high,63,10000,6,-6.175442218780518,-4.007731914520264,False
Annie,director,high,63,20000,12,-5.340246677398682,-3.0230154991149902,False
Annie,director,high,63,30000,16,-6.2570576667785645,-3.1408069133758545,False
Annie,director,high,63,40000,21,-5.27348518371582,-4.004123687744141,False
Annie,director,high,63,50000,28,-5.689608097076416,-3.4251205921173096,False
Annie,director,high,63,60000,32,-5.848239898681641,-2.921874761581421,False
Annie,director,high,63,70000,45,-5.033195972442627,-2.615049362182617,False
Annie,director,high,63,80000,49,-5.272698879241943,-2.954357862472534,False
Annie,director,high,63,90000,57,-4.98166561126709,-2.550360918045044,False
Annie,director,high,63,100000,60,-4.722484111785889,-2.9625978469848633,False
Annie,director,high,63,109672,63,-5.084133625030518,-2.3353800773620605,False
Angels & Demons,screenwriter,high,67,0,0,-12.496044158935547,-12.018911361694336,False
Angels & Demons,screenwriter,high,67,10000,8,-3.407221555709839,-5.888843536376953,True
Angels & Demons,screenwriter,high,67,20000,14,-4.344615936279297,-5.840567588806152,True
Angels & Demons,screenwriter,high,67,30000,14,-3.397421360015869,-6.0696492195129395,True
Angels & Demons,screenwriter,high,67,40000,18,-4.275235652923584,-6.619040489196777,True
Angels & Demons,screenwriter,high,67,50000,27,-3.886247158050537,-6.11941385269165,True
Angels & Demons,screenwriter,high,67,60000,34,-2.933832883834839,-6.095536231994629,True
Angels & Demons,screenwriter,high,67,70000,40,-2.904229164123535,-6.090667724609375,True
Angels & Demons,screenwriter,high,67,80000,47,-2.7629122734069824,-6.44354248046875,True
Angels & Demons,screenwriter,high,67,90000,52,-2.9519593715667725,-6.456639289855957,True
Angels & Demons,screenwriter,high,67,100000,55,-2.430851697921753,-6.395933628082275,True
Angels & Demons,screenwriter,high,67,109672,67,-2.2902777194976807,-6.275524139404297,True
